PLAYER,TEAM,AGE,GAMES PLAYED,WINS,LOSSES,MINUTES PLAYED,POINTS,FIELD GOALS MADE,FIELD GOALS ATTEMPTED,FIELD GOAL %,3 POINT FIELD GOALS MADE,3 POINT FIELD GOALS ATTEMPTED,3 POINT FIELD GOALS %,FREE THROWS MADE,FREE THROWS ATTEMPTED,FREE THROW %,OFFENSIVE REBOUNDS,DEFENSIVE REBOUNDS,REBOUNDS,ASSISTS,TURNOVERS,STEALS,BLOCKS,PERSONAL FOULS,FANTASY POINTS,DOUBLE DOUBLES,TRIPLE DOUBLES,PLUS MINUS
Alex Len,ATL,25,23,5,18,20,9.8,3.7,7.5,50,0.7,1.9,34.1,1.7,2.6,64.4,1.8,3.4,5.2,0.9,1.6,0.3,0.9,3,19.6,3,0,-2.8
Alex Poythress,ATL,25,13,3,10,15,5,2,3.8,53.1,0.4,1.1,35.7,0.6,1.3,47.1,1.5,2.2,3.8,0.8,0.6,0.2,0.4,2.4,12,0,0,-5
Daniel Hamilton,ATL,23,2,0,2,6,1.5,0.5,2,25,0,0.5,0,0.5,1,50,0,0,0,0.5,0.5,0,0,0,1.8,0,0,-4
DeAndre' Bembry,ATL,24,25,5,20,23,8.4,3.2,7.7,40.9,0.8,2.4,31.7,1.3,2.1,60.4,0.6,3.8,4.4,2.5,1.6,1.4,0.6,2.3,21.9,1,0,-4.8
Dewayne Dedmon,ATL,29,19,4,15,21.8,7.8,3.1,6.9,43.9,0.6,2.3,25,1.1,1.3,87.5,1.2,5.5,6.7,0.8,1.2,1.1,1.2,3.2,22.6,2,0,-6.7
Jaylen Adams,ATL,22,4,1,3,3.2,0.8,0.3,1,25,0.3,1,25,0,0,0,0,0.5,0.5,0.3,0,0,0.3,0,2.5,0,0,2.3
Jeremy Lin,ATL,30,23,5,18,18.5,11,3.7,7.1,51.2,1.1,2.7,41.3,2.5,3,84.1,0.2,2.1,2.3,3.1,2,0.9,0.1,2,19.3,1,0,-2.7
John Collins,ATL,21,10,2,8,27.4,16.9,7.2,11.5,62.6,0.4,2.1,19,2.1,2.7,77.8,2.1,5.8,7.9,2.4,2.2,0.1,0.5,2.8,29.6,4,0,-2.6
Justin Anderson,ATL,25,8,1,7,8.7,4.9,1.9,4.4,42.9,0.1,1.6,7.7,1,1.1,88.9,0.5,0.8,1.3,0.5,0.4,0.6,0.1,1.3,9,0,0,1.5
Kent Bazemore,ATL,29,25,5,20,26.1,12.8,4.6,10.4,44.4,1.2,4.3,28.7,2.3,2.9,78.1,0.6,3.3,3.9,2.1,2,1.7,1,2.5,26.6,0,0,-7.8
Kevin Huerter,ATL,20,24,5,19,20.9,6.1,2.2,5.5,40.5,1.2,3,38.9,0.5,0.7,75,0.9,2.5,3.3,2.1,1,0.6,0.3,1.7,15.1,0,0,-1.8
Miles Plumlee,ATL,30,16,0,16,9.7,4.8,1.9,2.8,68.2,0,0,0,1,1.8,57.1,1,1.3,2.3,0.9,0.6,0.4,0.3,0.8,10.1,0,0,-2.7
Omari Spellman,ATL,21,22,5,17,18.2,6.3,2.2,5.8,38.6,0.9,2.7,31.7,1,1.3,75,1.9,2.5,4.5,1,0.7,0.8,0.6,1.5,16.6,3,0,-6.5
Taurean Prince,ATL,24,21,5,16,28.7,15,5.2,12.1,43.1,2.4,6.6,36.7,2.1,2.6,83.3,0.3,3.7,4,2.3,2.6,1.1,0.3,3,25.1,0,0,-8.5
Trae Young,ATL,20,25,5,20,29.2,15.7,5.6,14.8,37.7,1.4,5.7,23.9,3.2,4.1,78.4,0.5,2.4,2.8,7.3,4,0.7,0.3,1.4,29.1,7,0,-9.8
Tyler Dorsey,ATL,22,12,0,12,10.7,3.8,1.4,3.8,37,0.3,1.3,18.8,0.8,1.4,52.9,0.2,1.4,1.6,0.8,0.3,0.3,0,0.7,7.4,0,0,-0.3
Vince Carter,ATL,41,22,3,19,17.7,6.9,2.4,6.1,39.3,1.4,3.8,35.7,0.7,0.9,84.2,0.3,2.1,2.4,1,0.5,0.6,0.4,1.6,13.6,0,0,-3.5
Allen Crabbe,BKN,26,26,9,17,25.7,8.8,2.8,8.8,32.3,2.2,6,36.1,0.9,1.2,77.4,0.5,2.9,3.4,1,1.2,0.5,0.3,2.5,15.7,0,0,-1
Caris LeVert,BKN,24,14,6,8,29.7,18.4,6.9,14.6,47.5,1.4,4.4,31.1,3.1,4.4,72.1,1,3.3,4.3,3.7,2.1,1.2,0.4,2.4,31.6,0,0,-1.9
D'Angelo Russell,BKN,22,27,9,18,29.2,18.4,7.1,17.1,41.8,2.5,6.9,35.8,1.6,2.2,74.6,0.6,3.3,3.9,5.7,2.8,1.3,0.3,1.6,33.7,1,0,-2.7
DeMarre Carroll,BKN,32,16,4,12,22,8.9,2.5,7.3,34.5,1.3,3.9,32.3,2.6,3.2,82.4,1,4.2,5.2,0.8,1.2,0.4,0.1,1.6,16.5,1,0,-2.5
Dzanan Musa,BKN,19,7,3,4,3.7,1.7,0.9,2,42.9,0,0.9,0,0,0.3,0,0.1,0.3,0.4,0.1,0.4,0.3,0,0.1,2.9,0,0,0.4
Ed Davis,BKN,29,27,9,18,17,5.5,2.3,3.9,58.5,0,0,0,0.9,1.5,58.5,3.2,5.1,8.3,0.6,0.7,0.4,0.4,3,18.2,2,0,0.1
Jared Dudley,BKN,33,27,9,18,21.7,4.3,1.6,4.2,37.2,0.8,2.6,29.6,0.4,0.6,68.8,0.6,2,2.6,1.4,0.9,0.5,0.3,2.6,11,0,0,-0.7
Jarrett Allen,BKN,20,25,9,16,28.3,12.3,4.7,8,58.8,0.1,0.8,15,2.8,4,70.7,3,5.4,8.4,1.7,1.5,0.6,1.4,2.6,29.4,10,0,-0.8
Joe Harris,BKN,27,24,9,15,29.7,12.8,4.6,9.6,48.3,2.3,5.1,44.7,1.3,1.6,81.6,0.8,2.9,3.8,2.2,1.4,0.6,0.1,3.2,21.4,0,0,0
Kenneth Faried,BKN,29,8,2,6,5.6,3.1,1.4,1.8,78.6,0,0,0,0.4,0.9,42.9,0.9,1.1,2,0,0.4,0.1,0.1,0.3,5.9,0,0,-0.6
Rodions Kurucs,BKN,20,10,4,6,12.4,7.2,2.9,5.8,50,0.6,2.2,27.3,0.8,0.8,100,1.1,2.2,3.3,0.1,0.8,0.3,0,1.4,11.4,0,0,3
Rondae Hollis-Jefferson,BKN,23,23,7,16,23.5,9.5,3.6,9,40.3,0.2,1,18.2,2.1,3.3,63.2,1.6,4.3,5.9,1.6,1.1,0.7,0.4,1.9,21.2,1,0,-2.1
Shabazz Napier,BKN,27,22,6,16,15.4,7.9,2.5,6.6,37.7,1,2.8,37.1,1.9,2.2,83.7,0.4,1.3,1.7,1.5,0.9,0.7,0.3,1.3,14.4,0,0,-0.8
Spencer Dinwiddie,BKN,25,27,9,18,28.6,15.8,5.4,11.7,46.1,1.9,5.4,35.6,3,3.9,77.4,0.6,1.9,2.5,4.9,2.1,0.6,0.4,3.2,26.9,0,0,-2.8
Theo Pinson,BKN,23,3,1,2,4.9,0.7,0,1,0,0,0.7,0,0.7,0.7,100,0,0.3,0.3,1.3,0,0,0,0,3.1,0,0,-0.7
Treveon Graham,BKN,25,2,1,1,13.6,0,0,1.5,0,0,1,0,0,0,0,0.5,1.5,2,0.5,1,0.5,0,2.5,3.7,0,0,3.5
Al Horford,BOS,32,22,12,10,30,12.4,5.1,10.4,49.1,1.3,3.7,34.1,1,1.4,70,1.5,4.8,6.4,3.4,1.5,0.8,1.7,1.9,31.1,2,0,1.3
Aron Baynes,BOS,31,21,12,9,14.5,5.5,1.8,4.3,41.8,0.5,1.7,31.4,1.3,1.5,87.5,1.6,2.8,4.4,1.2,0.7,0.2,0.5,2.4,14.1,0,0,2.8
Brad Wanamaker,BOS,29,7,6,1,6.1,3.1,1,2.1,46.7,0.4,0.7,60,0.7,0.9,83.3,0,0.7,0.7,1.1,0.6,0.1,0,0.1,5.6,0,0,0.1
Daniel Theis,BOS,26,14,9,5,11.9,5.2,2.3,3.9,58.2,0.3,0.8,36.4,0.4,0.6,55.6,1.1,1.6,2.6,0.7,0.8,0.1,0.4,2.8,10,0,0,3.9
Gordon Hayward,BOS,28,22,13,9,26.7,11,3.8,9.1,41.8,1.3,3.8,33.7,2.1,2.4,88.7,1,4.5,5.5,3.5,1.4,1.2,0.3,1.5,25.9,0,0,3.7
Guerschon Yabusele,BOS,22,13,10,3,4.6,1.8,0.5,1.8,30.4,0.2,0.7,22.2,0.5,0.6,87.5,0.4,0.7,1.1,0.2,0.1,0.2,0.1,0.7,4.3,0,0,-0.2
Jaylen Brown,BOS,22,20,10,10,27.9,11.6,4.5,10.8,41.2,1,3.9,24.7,1.8,2.7,64.8,1.1,3,4.1,1.3,1.4,0.6,0.6,2.6,20.5,0,0,-0.4
Jayson Tatum,BOS,20,24,14,10,31.3,16.4,5.9,13.1,45.2,1.8,4.5,40.7,2.7,3.2,84.4,1.3,5.2,6.5,1.9,1.5,1.1,0.5,2.4,30.3,1,0,4.5
Kyrie Irving,BOS,26,23,14,9,32.1,22.2,8.6,17.7,48.5,2.6,6.7,39.2,2.5,3,81.4,1.2,3.6,4.7,6.4,2.6,1.7,0.5,2.4,41.5,4,0,5.3
Marcus Morris,BOS,29,23,13,10,26.6,13.8,5,10.4,48.1,2,4.9,41.6,1.8,2,87.2,0.7,5.5,6.2,1.3,1.7,0.6,0.1,2.8,23.9,3,0,1.8
Marcus Smart,BOS,24,24,14,10,24.3,6.5,2.1,5.5,38.9,1,3.3,31.3,1.3,1.6,76.9,0.7,1.9,2.6,4.1,1.3,1.5,0.5,2.6,20.5,1,0,2.8
PJ Dozier,BOS,22,1,1,0,5.8,7,3,5,60,1,1,100,0,0,0,2,2,4,0,0,0,0,1,11.8,0,0,8
Robert Williams III,BOS,21,9,7,2,3.7,1.4,0.7,0.9,75,0,0,0,0.1,0.2,50,0.4,0.8,1.2,0.1,0,0,0.7,0.8,5.1,0,0,-1.1
Semi Ojeleye,BOS,24,17,12,5,10.1,2.6,1,2.5,40.5,0.4,1.3,31.8,0.2,0.4,42.9,0.4,1.1,1.5,0.1,0.4,0.2,0.1,0.5,4.8,0,0,3.1
Terry Rozier,BOS,24,24,14,10,22.3,8.3,3.1,8.1,37.9,1.3,3.7,36.4,0.8,1.2,71.4,0.3,3.7,4,2.3,0.7,0.7,0.3,1.7,18.7,0,0,1.8
Bismack Biyombo,CHA,26,10,3,7,7.7,1.8,0.7,1.2,58.3,0,0,0,0.4,0.9,44.4,0.5,1.3,1.8,0.2,0.4,0.1,0.9,1.7,6.9,0,0,-4.4
Cody Zeller,CHA,26,24,12,12,24.2,9.3,3.7,6.5,56.4,0.1,0.4,30,1.8,2.1,86,1.8,3.5,5.4,2,1.2,0.8,0.7,3.2,21.9,0,0,1.6
Devonte' Graham,CHA,23,10,2,8,8.5,2.4,1,2.5,40,0.4,1.5,26.7,0,0,0,0,0.7,0.7,1.3,0.5,0.3,0,0.6,5.6,0,0,-0.7
Dwayne Bacon,CHA,23,15,8,7,12.6,5.5,2.1,4.4,48.5,0.6,1.2,50,0.7,0.8,83.3,0.1,1.6,1.7,0.9,0.5,0.2,0,1.5,9,0,0,1.1
Frank Kaminsky,CHA,25,14,7,7,13,6.7,2.4,5,48.6,0.8,2.2,35.5,1.1,1.4,75,0.7,2.4,3.1,1.2,0.9,0.3,0.2,1.4,12.9,0,0,2.4
Jeremy Lamb,CHA,26,25,12,13,28,15,5.4,12,44.8,1.5,4,37.4,2.8,3.1,88.5,0.8,4.8,5.6,1.8,0.9,1.3,0.3,2.3,28.4,2,0,0
Kemba Walker,CHA,28,25,12,13,34.9,25.8,8.6,19.7,43.8,3.2,9,35.4,5.4,6.5,82.2,0.4,4,4.3,6.2,2.6,1.3,0.4,1.8,42.8,1,0,1.8
Malik Monk,CHA,20,24,12,12,19.6,10.5,3.6,9.6,37.2,1.7,5.4,31.8,1.7,1.8,90.9,0.2,1.4,1.6,2,1.2,0.6,0.3,1.6,17,0,0,1.3
Marvin Williams,CHA,32,24,12,12,25.2,8.6,3.2,7.6,41.8,1.6,4.6,34.5,0.7,1.1,61.5,0.9,4.4,5.3,1,0.6,0.8,0.7,1.8,20.3,3,0,2.8
Michael Kidd-Gilchrist,CHA,25,19,10,9,20,8.6,3.3,6.7,49.2,0.3,0.8,40,1.6,2.2,75.6,2.1,3.5,5.5,1.1,0.6,0.4,1.2,2.9,21,1,0,2.9
Miles Bridges,CHA,20,24,11,13,20.4,7.9,3.1,6.3,49.7,1,2.7,35.9,0.7,1,70.8,0.7,3.3,4,1,0.5,0.7,0.8,1.4,18,0,0,1.3
Nicolas Batum,CHA,29,25,12,13,30.3,9.2,3.5,7.8,44.6,1.2,3.4,36.5,1,1.1,85.7,1.2,4.3,5.5,3.4,1.8,0.9,0.5,1.6,23.3,0,0,1.8
Tony Parker,CHA,36,22,12,10,19.7,10,4,8.8,46.1,0.3,1.1,28,1.6,2.3,68.6,0.3,1.5,1.7,4.5,1.2,0.4,0.1,0.8,19.2,1,0,3.1
Willy Hernangomez,CHA,24,18,9,9,12.8,7.1,2.4,4.5,53.1,0.6,1,61.1,1.7,2.2,76.9,1.9,2.8,4.7,0.8,0.8,0.4,0.5,1.9,16,0,0,-0.6
Antonio Blakeney,CHI,22,23,5,18,17,9.7,3.8,8.7,44,1.1,2.5,44.8,0.9,1.4,63.6,0.2,1.8,2,0.5,0.9,0.3,0.2,0.8,13.4,0,0,-3
Bobby Portis,CHI,23,4,1,3,28.2,10.5,4.3,10.3,41.5,0.8,2.8,27.3,1.3,2.3,55.6,1.5,8.5,10,2,1.3,0.5,1,3.5,28.8,1,0,-0.5
Cameron Payne,CHI,24,24,5,19,18.5,6.1,2.3,5.8,39.9,0.6,2.2,28.8,0.9,1,88,0.4,1.4,1.8,2.9,1.1,0.7,0.2,1.7,14.1,0,0,-6.9
Chandler Hutchison,CHI,22,22,5,17,18.2,4.4,1.7,4.1,42.2,0.2,1,22.7,0.7,1.1,60,0.7,3.3,4,0.7,0.7,0.6,0.2,1.4,11.8,0,0,-1.5
Cristiano Felicio,CHI,26,18,4,14,12.4,3.6,1.4,2.4,56.8,0,0.1,0,0.8,1,77.8,0.9,2.6,3.5,0.6,0.7,0.1,0.1,1.2,8.6,0,0,-2.3
Jabari Parker,CHI,23,26,6,20,31.7,16.4,6.5,14.3,45.6,1,3.5,28.6,2.3,3.3,71.8,1.3,6.1,7.4,2.4,2.7,0.7,0.4,2.4,29.4,5,0,-5.7
Justin Holiday,CHI,29,26,6,20,35.5,12.8,4.5,10.7,42.1,3,7.6,39.9,0.8,0.9,87.5,0.5,4.1,4.7,2.5,1.1,1.8,0.5,2.1,27.9,2,0,-9.4
Kris Dunn,CHI,24,1,0,1,30.3,9,4,13,30.8,1,4,25,0,0,0,0,4,4,7,4,0,0,6,20.3,0,0,-1
Lauri Markkanen,CHI,21,3,1,2,28.7,18.3,6.7,16.7,40,3.7,9,40.7,1.3,1.7,80,1.7,5.3,7,1,1.7,2,1,3.7,35.6,1,0,-4.3
Robin Lopez,CHI,30,19,4,15,16.9,5.5,2.5,4.6,53.4,0.1,0.4,25,0.4,0.6,66.7,1,1.1,2.1,1.2,1.3,0.2,0.9,2.1,11.7,0,0,-2.3
Ryan Arcidiacono,CHI,24,25,6,19,28.8,7.5,2.6,5.8,44.1,1.7,4.2,41.3,0.7,0.8,81,0.1,2.5,2.6,3.8,1,1,0,2.6,18.5,0,0,-2.6
Shaquille Harrison,CHI,25,17,4,13,16,5.4,1.9,4.9,38.1,0.2,1.4,17.4,1.4,2.2,63.2,0.4,2.5,2.9,1.9,0.8,1.6,0.3,1.4,16.6,0,0,-3.6
Tyler Ulis,CHI,22,1,0,1,0.8,0,0,0,0,0,0,0,0,0,0,0,0,0,0,0,0,0,0,0,0,0,0
Wendell Carter Jr.,CHI,19,26,6,20,25.7,11.2,4.3,9.2,46.9,0.2,0.9,20.8,2.4,3,80.8,2,5.2,7.2,2.2,1.6,0.6,1.6,3.5,28.1,5,0,-5.7
Zach LaVine,CHI,23,25,6,19,35.8,24.5,8.6,19.5,44.1,1.7,5.4,31.1,5.6,6.4,87,0.4,4.8,5.1,5,4,1,0.6,2.2,39,1,0,-5.4
Alec Burks,CLE,27,22,9,13,18.6,9.8,3.2,8,40.6,1,3,33.8,2.3,2.7,86.4,0.2,2.3,2.5,1.6,1,0.5,0.2,1.2,16.2,0,0,-1.5
Ante Zizic,CLE,21,18,3,15,8.9,3.4,1.3,2.6,50,0,0,0,0.8,1.3,62.5,1.1,1.8,2.9,0.3,0.9,0.1,0.1,1.2,6.9,0,0,-1.2
Cedi Osman,CLE,23,23,4,19,31.8,11.4,4,10.8,36.9,1.5,4.9,31.3,1.9,2.3,81.1,0.6,4.6,5.2,2.4,1.9,0.8,0.3,2.4,22.7,3,0,-9.6
Channing Frye,CLE,35,7,1,6,6.9,2.4,0.9,1.6,54.5,0.7,1,71.4,0,0,0,0,1.7,1.7,0.1,0.4,0.1,0.1,0.9,5.1,0,0,-1.6
Collin Sexton,CLE,19,25,5,20,29.4,15.1,6,13.2,45,0.7,1.6,43.9,2.5,2.8,88.6,0.6,2.4,3.1,2.5,2.2,0.4,0.1,2.4,21.9,1,0,-7.7
David Nwaba,CLE,25,14,4,10,17.3,6.1,2,4.7,42.4,0.4,1.6,22.7,1.8,2.6,67.6,0.5,2.2,2.7,0.6,0.4,0.7,0.4,1.6,13.4,0,0,1.9
JR Smith,CLE,33,11,1,10,20.2,6.7,2.5,7.2,34.2,1.1,3.5,30.8,0.7,0.9,80,0,1.6,1.6,1.9,1,1,0.3,1.7,14.4,0,0,-1.3
Jalen Jones,CLE,25,3,1,2,3.8,0.7,0.3,1,33.3,0,0,0,0,0,0,0,0.7,0.7,0.7,0,0,0,0,2.5,0,0,2.7
Jaron Blossomgame,CLE,25,2,0,2,9.9,1,0.5,2,25,0,1,0,0,0,0,0,0.5,0.5,0,0.5,0,0,0,1.1,0,0,-1
John Henson,CLE,27,14,10,4,13.5,5.6,2.2,4.8,46.3,0.8,2.2,35.5,0.4,0.7,60,1.1,3.9,5.1,1,0.9,0.5,0.8,1.1,16.2,0,0,0.1
John Holland,CLE,30,1,0,1,0.7,0,0,0,0,0,0,0,0,0,0,0,0,0,0,0,0,0,0,0,0,0,1
Jordan Clarkson,CLE,26,25,5,20,25.3,16.6,6.6,14.6,45.4,1.6,4.7,33.1,1.8,2.1,84.9,1.1,2.2,3.3,2,1.6,0.6,0.2,1.8,24.5,1,0,-5
Kevin Love,CLE,30,4,0,4,33.9,19,5.3,16.3,32.3,1.8,6,29.2,6.8,8.3,81.8,2.5,11,13.5,3.5,2.5,0.3,0.3,3.5,39.5,3,0,-8.5
Larry Nance Jr.,CLE,25,23,5,18,23.4,7.5,2.9,5.7,51.5,0.3,0.8,38.9,1.4,2,69.6,1.8,4.8,6.7,2.4,1.2,1.1,0.6,2.7,23,1,0,-7.3
Matthew Dellavedova,CLE,28,12,10,2,8.1,1.7,0.5,1.6,31.6,0.3,0.9,36.4,0.3,0.3,100,0,0.8,0.8,2.4,0.9,0.2,0,0.8,5.9,0,0,-1.1
Rodney Hood,CLE,26,25,5,20,28.5,12.8,4.6,10.7,43.4,1.2,3.2,37,2.3,2.5,90.5,0.4,1.9,2.3,2.1,1,0.8,0.1,2.6,20.3,0,0,-4.4
Tristan Thompson,CLE,27,25,5,20,30.4,11.5,5,9.2,53.7,0,0,0,1.6,2.6,61.5,5,6.6,11.6,2.1,1.6,0.8,0.4,2.4,30.5,14,0,-4.6
Daryl Macon,DAL,23,1,0,1,0.9,0,0,0,0,0,0,0,0,0,0,0,0,0,0,0,0,0,0,0,0,0,3
DeAndre Jordan,DAL,30,23,12,11,31.5,11.1,4,6.5,61.7,0,0,0,3.1,4.1,75.8,2.6,10.9,13.5,2.2,2.4,0.6,1,2.7,33.1,14,0,-1.5
Dennis Smith Jr.,DAL,21,20,11,9,28.4,13.5,5.1,11.6,44,1.4,3.9,35.9,1.9,2.9,66.7,0.6,2.2,2.8,4.2,3.2,1.2,0.5,2.6,25.1,0,0,-2.9
Devin Harris,DAL,35,13,9,4,15.3,7,2.2,5.2,42.6,1.1,3.2,34.1,1.5,2,73.1,0.2,1.8,1.9,1.2,0.6,0.9,0.3,1.7,14.2,0,0,2.2
Dorian Finney-Smith,DAL,25,23,12,11,27,8.7,3.3,6.9,47.2,1.4,3.6,39.8,0.8,1.3,60,1.8,2.4,4.3,0.8,1,1.2,0.5,3,19.1,0,0,0
Dwight Powell,DAL,27,20,10,10,16.5,9.2,3.2,5.2,61.2,0.4,1.5,23.3,2.6,3.3,78.5,1.3,3.1,4.4,1,0.9,0.7,0.7,2.8,18.9,1,0,3.4
Harrison Barnes,DAL,26,19,10,9,31.6,17.8,6,14.6,41.2,2.3,5.7,39.4,3.5,4.5,78.8,0.9,3.7,4.6,1.3,1.7,0.8,0.3,1.9,26.9,1,0,-4.3
J.J. Barea,DAL,34,22,12,10,19.8,11.5,4.5,10.4,43.4,0.9,3.1,29.4,1.6,2.3,70,0.4,2,2.4,5.7,1.7,0.7,0,1.4,23.6,3,0,3.6
Jalen Brunson,DAL,22,20,9,11,12.7,4.4,1.8,4.3,41.2,0.4,1.5,26.7,0.5,0.8,56.3,0.2,1.1,1.3,1.6,0.6,0.5,0,1.1,9,0,0,0.9
Luka Doncic,DAL,19,22,11,11,32.6,18.1,6.2,14.2,43.8,2.3,6,38.2,3.4,4.3,78.7,1,5.5,6.5,4.3,3.6,1,0.4,2.1,32.8,1,0,-0.3
Maxi Kleber,DAL,26,21,11,10,18.7,6.5,2.4,5.4,43.9,1,3.1,30.3,0.8,1,76.2,1.3,2.5,3.8,0.7,0.6,0.5,1.3,1.5,16.9,0,0,5.2
Ray Spalding,DAL,21,1,0,1,0.9,0,0,0,0,0,0,0,0,0,0,0,0,0,0,0,0,0,0,0,0,0,-2
Ryan Broekhoff,DAL,28,12,6,6,4.8,1.7,0.6,1.6,36.8,0.4,1.3,31.3,0.1,0.1,100,0.1,0.8,0.8,0.1,0.1,0,0.1,0.2,3,0,0,1.3
Salah Mejri,DAL,32,8,6,2,6.1,2,0.8,1.3,60,0,0.1,0,0.5,0.5,100,0.6,1.9,2.5,0.4,0.4,0,0.1,1,5.6,0,0,3
Wesley Matthews,DAL,32,19,9,10,31.2,15.5,5.3,11.9,44.2,2.5,6.4,38.8,2.5,3.2,78.3,0.5,2.1,2.6,2.4,1.2,0.8,0.2,2.3,24.1,0,0,-2.3
DeVaughn Akoon-Purcell,DEN,25,6,6,0,3.5,1.2,0.5,1.7,30,0,0.7,0,0.2,0.3,50,0.2,0.5,0.7,1,0.2,0.3,0,0.7,4.3,0,0,0.2
Gary Harris,DEN,24,21,14,7,32.3,16.6,6.2,14.1,43.9,1.7,5.3,32.4,2.5,3.2,79.1,0.7,2.5,3.2,2.9,1.2,1.2,0.4,2.2,28.4,0,0,5
Jamal Murray,DEN,21,25,17,8,34.7,18,6.8,16.3,41.8,1.5,4.9,30.9,2.8,3.3,85.5,0.8,3.5,4.3,5,2.4,0.9,0.4,2.2,32,1,0,5.2
Juancho Hernangomez,DEN,23,24,16,8,26.2,9.7,3.4,6.8,50.3,1.7,3.7,45.5,1.2,1.5,78.4,1.7,3.8,5.5,0.9,0.8,0.6,0.5,1.8,20,2,0,4
Malik Beasley,DEN,22,25,17,8,19.4,7.8,3.1,6.5,47.2,1.4,3.4,41.2,0.3,0.3,87.5,0.3,2.2,2.5,0.8,0.6,0.4,0.1,1.4,13,0,0,2.8
Mason Plumlee,DEN,28,25,17,8,17.3,6.9,2.8,4.7,60.2,0,0.1,33.3,1.2,2.6,45.3,2.1,3.3,5.4,2,1.3,1.1,1,3.2,21.3,2,0,2.2
Monte Morris,DEN,23,25,17,8,23.9,9.2,3.8,7.9,47.5,0.9,2.1,42.3,0.8,1.1,77.8,0.4,2.2,2.6,3.8,0.6,0.7,0.1,1.1,19.9,0,0,3.8
Nikola Jokic,DEN,23,25,17,8,30,16.4,6,12.8,46.7,1,3.6,29.2,3.4,4.1,82.5,2.4,7.2,9.6,7.7,2.8,1.3,0.8,3.1,43,15,2,5.1
Paul Millsap,DEN,33,25,17,8,26.8,13.6,4.9,9.9,49.6,0.9,2.2,40,2.9,4,72.7,2.1,4.9,7,2,1.6,1.4,1.1,2.6,30.7,5,0,4.4
Thomas Welsh,DEN,22,4,4,0,3,1.3,0.5,0.8,66.7,0.3,0.5,50,0,0,0,0,0.8,0.8,0.5,0.3,0,0,0.3,2.7,0,0,-2.3
Torrey Craig,DEN,27,20,15,5,16.4,3.6,1.5,3.8,38.7,0.4,1.8,19.4,0.4,0.6,63.6,1.5,2.1,3.6,0.5,0.7,0.5,0.4,2.1,10.5,0,0,-0.4
Trey Lyles,DEN,23,25,17,8,19.8,10.1,3.8,8.7,43.6,0.9,3.2,27.8,1.6,2.4,65.6,0.6,3.8,4.4,1.5,1.6,0.5,0.4,1.7,18.8,0,0,2.3
Tyler Lydon,DEN,22,7,7,0,3.8,2.3,0.9,1.1,75,0.4,0.6,75,0.1,0.3,50,0.3,0.3,0.6,0,0.1,0,0,0.3,2.8,0,0,-0.3
Will Barton,DEN,27,2,2,0,27,16.5,6,10.5,57.1,2.5,4.5,55.6,2,2,100,0,5,5,3,1.5,0.5,1,2.5,30,0,0,16
Andre Drummond,DET,25,23,13,10,32.8,18.1,7.7,15,50.9,0.1,0.8,15.8,2.7,5.3,50.4,5.9,9.4,15.3,1.3,2.5,1.4,1.7,3.6,45.1,18,0,0
Blake Griffin,DET,29,23,13,10,35.5,25.2,8.5,18.3,46.4,2.2,6.2,35.7,6,8,74.6,1.5,7.7,9.3,5,3.7,0.7,0.5,2.9,43.5,12,0,0.1
Bruce Brown,DET,22,16,8,8,17.4,3.8,1.4,3.5,39.3,0.2,1.1,17.6,0.9,1.2,73.7,0.7,1.8,2.4,0.9,0.6,0.7,0.3,2.4,10.3,0,0,0.6
Glenn Robinson III,DET,24,22,12,10,16.5,5.2,1.9,4.6,40.6,0.5,1.6,30.6,1,1.2,84.6,0.4,1.3,1.6,0.5,0.6,0.4,0.2,1.1,9.1,0,0,-1.1
Henry Ellenson,DET,21,1,0,1,7.5,7,2,5,40,1,2,50,2,2,100,0,3,3,0,0,0,0,1,10.6,0,0,3
Ish Smith,DET,30,22,13,9,24.4,9.2,3.9,9.3,41.5,1.1,3.5,32.9,0.4,0.5,66.7,0,1.9,1.9,3,1.1,0.5,0.3,2.4,17.1,0,0,2.5
Jon Leuer,DET,29,11,4,7,8.2,3.6,1.5,2.5,59.3,0,0.3,0,0.7,0.9,80,0.7,1.5,2.3,0.5,0.3,0.3,0,1.2,7.6,0,0,-2.3
Jose Calderon,DET,37,17,7,10,9.5,1.6,0.6,2.2,26.3,0.2,1.2,19,0.2,0.2,100,0.2,0.5,0.6,1.1,0.4,0.4,0.1,1.1,5.3,0,0,-1.1
Khyri Thomas,DET,22,4,3,1,5.9,2,0.8,2,37.5,0.5,1.5,33.3,0,0,0,0,1,1,0.8,0.5,0,0,0.3,3.8,0,0,-4
Langston Galloway,DET,26,22,13,9,24.8,8.6,3,7.5,39.4,1.7,5.2,33.3,1,1.2,81.5,0.6,2.2,2.8,1.3,0.5,0.3,0.1,2,14.7,0,0,0.6
Luke Kennard,DET,22,6,3,3,13.4,4,1.8,4.5,40.7,0.3,1.8,18.2,0,0,0,0,1.5,1.5,0.7,0.7,0.5,0.2,1,8.1,0,0,0.3
Reggie Bullock,DET,27,18,12,6,28.3,10.1,3.4,8.8,39,1.8,5.2,35.1,1.4,1.6,89.3,0.4,1.8,2.2,2.4,0.9,0.7,0.1,1.6,17.8,0,0,1.9
Reggie Jackson,DET,28,23,13,10,28.8,15.8,5.2,13.2,39.6,2,6.2,32.9,3.3,3.8,86.4,0.6,2.2,2.8,4.1,1.9,0.7,0.1,3,25.9,0,0,-2.3
Stanley Johnson,DET,22,21,12,9,23.3,9.8,3.7,9.1,40.1,1.3,4.6,28.9,1.1,1.4,79.3,0.9,3.5,4.4,1.2,1.5,1,0.2,2.1,19.3,0,0,-1.7
Zach Lofton,DET,26,1,1,0,3.8,0,0,1,0,0,1,0,0,0,0,0,0,0,0,1,1,0,0,2,0,0,0
Zaza Pachulia,DET,34,23,13,10,13,4.2,1.1,3,37.7,0,0,0,2,2.3,83.3,1.8,2.7,4.5,1.3,0.7,0.7,0.2,2.2,13.4,0,0,0.4
Alfonzo McKinnie,GSW,26,18,14,4,15.6,6.3,2.4,4.9,49.4,1,2.2,46.2,0.4,0.8,57.1,1.2,2.7,3.8,0.5,0.4,0.2,0.2,1.9,12.3,1,0,4.1
Andre Iguodala,GSW,34,25,16,9,23.4,4.8,1.8,4,46,0.6,1.7,33.3,0.6,1,62.5,0.7,2.5,3.2,3,1,0.8,0.6,1.4,16.5,0,0,2
Damian Jones,GSW,23,24,15,9,17.1,5.4,2.2,3.1,71.6,0,0,0,1,1.5,64.9,1.3,1.8,3.1,1.2,0.7,0.5,1,2.6,14.9,0,0,0.7
Damion Lee,GSW,26,13,7,6,13.6,5.1,1.8,4.1,43.4,0.9,2.2,41.4,0.6,0.8,80,0.2,1.9,2.1,0.2,0.5,0.6,0,1.3,9.2,0,0,-1.2
Draymond Green,GSW,28,13,10,3,30.5,6.9,2.8,6.2,44.4,0.5,2.1,22.2,0.9,1.4,66.7,0.8,6.7,7.5,7.2,3.3,1.8,0.8,3.1,31.4,1,0,6.6
Jacob Evans,GSW,21,17,12,5,4.5,0.4,0.2,0.9,18.8,0.1,0.2,25,0,0,0,0.1,0.4,0.4,0.6,0.2,0.1,0.1,0.6,1.9,0,0,-1.5
Jonas Jerebko,GSW,31,27,18,9,20,7.4,2.6,5.4,48.3,1.1,2.9,38.5,1.1,1.2,87.9,1.4,4.1,5.5,1.7,0.8,0.4,0.2,2.6,17.6,1,0,3.9
Jordan Bell,GSW,23,26,17,9,12.7,2.7,1.1,2.1,52.7,0,0,0,0.5,0.7,70.6,0.8,2,2.7,1.3,0.5,0.5,0.9,1.5,11.6,0,0,-0.7
Kevin Durant,GSW,30,27,18,9,35.8,29.1,10.1,19.9,51.1,1.6,4.7,33.3,7.2,7.8,92.9,0.4,7.4,7.8,6.3,3.5,0.9,1.1,2.1,50.5,9,1,7
Kevon Looney,GSW,22,27,18,9,19.9,6.2,2.6,4.1,62.5,0,0.1,0,1,1.6,63.6,2.4,2.9,5.3,1.9,0.8,0.3,0.8,2.7,18.1,1,0,4.1
Klay Thompson,GSW,28,27,18,9,34.5,22.6,9,19.6,45.7,2.8,7.9,35.4,1.9,2.4,79.7,0.3,3.8,4.1,1.9,2,1,0.7,2,33.5,0,0,2.6
Marcus Derrickson,GSW,22,4,3,1,4.6,1.3,0.5,1.5,33.3,0.3,0.8,33.3,0,0,0,0,0.5,0.5,0,0.5,0,0,1.3,1.4,0,0,-5.8
Quinn Cook,GSW,25,24,15,9,18.8,9.1,3.6,7.6,47,1.5,3.4,44.4,0.4,0.5,83.3,0.3,2.3,2.7,2,1,0.5,0.1,1.7,16,0,0,-1.1
Shaun Livingston,GSW,33,18,11,7,16.6,4.8,1.9,4.2,45.3,0,0.1,0,1.1,1.3,79.2,0.9,1.1,2,2.3,0.7,0.7,0.6,1.2,13.7,0,0,1.3
Stephen Curry,GSW,30,16,13,3,33.4,29.6,10,19.5,51.3,5.3,10.5,50,4.3,4.6,93.2,0.4,4.7,5.1,5.8,3.2,1.1,0.3,2.5,45.3,0,0,10.2
Carmelo Anthony,HOU,34,10,4,6,29.4,13.4,4.9,12.1,40.5,2.1,6.4,32.8,1.5,2.2,68.2,0.9,4.5,5.4,0.5,0.8,0.4,0.7,3.2,23.1,0,0,-6.3
Chris Paul,HOU,33,19,11,8,33.7,16.4,5.7,13.4,42.5,2.1,5.9,34.5,2.9,3.7,80,0.6,3.8,4.4,7.9,3.3,2.1,0.3,2.6,37.4,4,0,0.3
Clint Capela,HOU,24,24,11,13,34,17.8,7.8,12,65.1,0,0,0,2.2,3.6,60.5,5,6.8,11.7,1.6,1.6,0.5,2.2,2.7,40.5,17,0,-0.8
Danuel House Jr.,HOU,25,6,2,4,21.6,8.2,2.5,6.2,40.5,1,3.8,26.1,2.2,3,72.2,1,1.8,2.8,0.8,0.8,0.3,0.2,3,13.5,0,0,-2.8
Eric Gordon,HOU,29,21,9,12,32.5,15.9,5.4,14.8,36.5,2.7,8.7,31.1,2.4,3,79.7,0.3,2,2.4,1.8,1.4,0.6,0.5,2.1,23.4,0,0,1
Gary Clark,HOU,24,22,10,12,16.9,3.4,1.1,3.8,28.9,0.9,3.5,26.3,0.3,0.3,100,0.5,2.3,2.9,0.5,0.1,0.5,0.8,1.2,11.1,0,0,-0.1
Gerald Green,HOU,32,20,9,11,17.1,7.1,2.6,6.6,39.4,1.6,5.1,30.4,0.4,0.5,77.8,0.5,2,2.5,0.5,0.6,0.4,0.1,1.6,11.6,0,0,-0.1
Isaiah Hartenstein,HOU,20,21,10,11,8.2,2.1,0.8,1.6,48.5,0.1,0.2,40,0.5,0.7,78.6,0.8,0.8,1.6,0.5,0.6,0.2,0.4,2,6,0,0,2.1
James Ennis III,HOU,28,21,11,10,25.6,8.2,3,6.1,48.8,1.3,3.5,36.5,1,1.4,69,1,1.6,2.6,0.7,0.6,1,0.4,3.5,15.7,0,0,-1.9
James Harden,HOU,29,21,10,11,36.1,29.8,8.9,20.3,43.9,4,11,37,8,9.6,82.7,0.6,5,5.6,8.3,5.8,2.1,0.6,3.3,51.4,7,1,-0.2
Marquese Chriss,HOU,21,9,5,4,5.9,2.1,0.9,2.3,38.1,0.1,1,11.1,0.2,0.3,66.7,0.3,0.8,1.1,0.3,0.6,0.1,0.2,1,4.4,0,0,-2.6
Michael Carter-Williams,HOU,27,15,6,9,9.4,4.3,1.5,3.8,40.4,0.4,1.1,37.5,0.8,1.7,46.2,0.2,0.7,0.9,1.3,0.7,0.6,0.4,1.7,9.6,0,0,-4.1
Nene,HOU,36,3,1,2,12,5,2,3.7,54.5,0,0,0,1,1,100,1,2.3,3.3,1,0.3,0,0.3,2,11.2,0,0,-4.7
PJ Tucker,HOU,33,24,11,13,34.7,7.7,2.7,6.3,42.4,1.9,4.7,40.2,0.5,0.6,73.3,1.3,5,6.2,1.1,1,1.3,0.4,3,20.8,0,0,0.8
Vincent Edwards,HOU,22,1,1,0,3.7,3,1,2,50,1,2,50,0,0,0,1,0,1,0,0,0,0,0,4.2,0,0,-5
Zhou Qi,HOU,22,1,0,1,1,2,1,1,100,0,0,0,0,0,0,0,0,0,0,0,0,0,0,2,0,0,-2
Aaron Holiday,IND,22,15,10,5,12.6,6.4,2.4,5.5,43.9,0.7,2.8,26.2,0.9,1.1,81.3,0.1,2,2.1,1.5,0.8,0.5,0.3,1.3,12.6,0,0,2.9
Alize Johnson,IND,22,4,3,1,3.1,0.5,0.3,0.8,33.3,0,0,0,0,0.5,0,0,1,1,0,0,0,0.3,0.8,2.5,0,0,-1.3
Bojan Bogdanovic,IND,29,25,15,10,31.2,16.3,5.8,10.9,53.3,2.1,4.3,49.5,2.6,3.3,79.3,0.4,3.4,3.7,1.4,1.7,0.8,0,1.8,23.7,0,0,2.2
Cory Joseph,IND,27,25,15,10,26.4,7.6,3.2,6.8,47.3,1,2.2,42.9,0.2,0.5,50,0.4,3.1,3.4,3.8,1.3,1.4,0.2,1.6,21,0,0,5.1
Darren Collison,IND,31,25,15,10,27.7,9.3,3.5,8,43.3,0.8,2.2,35.2,1.6,2.1,75.5,0.5,2.2,2.6,5.1,1.5,1.7,0.1,1.7,24.1,2,0,0.4
Davon Reed,IND,23,3,1,2,2.2,0,0,0,0,0,0,0,0,0,0,0,0,0,0,0,0,0,0.3,0,0,0,1.3
Domantas Sabonis,IND,22,23,13,10,24.9,14.3,5.6,8.8,63.9,0.2,0.3,83.3,2.9,3.8,75,2.3,7.8,10.1,3.3,2.6,0.6,0.7,3.1,32.4,10,0,3
Doug McDermott,IND,26,25,15,10,17.5,7.3,2.5,5,50.4,1.3,3,42.7,1,1.2,86.2,0.2,1.1,1.3,0.8,0.3,0.3,0.1,1.6,11.2,0,0,2.7
Edmond Sumner,IND,22,7,6,1,4,0.7,0.3,1,28.6,0.1,0.4,33.3,0,0.3,0,0.3,0.1,0.4,0.1,0.4,0.1,0,0.6,1.4,0,0,-2
Ike Anigbogu,IND,20,3,2,1,2.1,0,0,1,0,0,0,0,0,0,0,0.3,0.7,1,0.3,0.3,0,0.3,0,2.4,0,0,-0.7
Kyle O'Quinn,IND,28,14,8,6,7.3,3,1.3,2.8,46.2,0,0.3,0,0.4,0.4,100,0.9,1.9,2.8,1.4,0.6,0.2,0.6,1.3,10.2,1,0,1.1
Myles Turner,IND,22,24,15,9,27.2,11.5,4.7,9.7,48.7,0.3,1.5,22.9,1.8,2.5,71.7,1.3,5,6.2,1.6,1.6,0.4,2.7,2.7,29.1,4,0,1.7
TJ Leaf,IND,21,15,11,4,7.6,2.4,1.1,2.7,39,0.1,0.7,18.2,0.1,0.1,100,0.7,1.1,1.7,0.3,0.3,0.1,0.1,0.5,5.4,0,0,1.5
Thaddeus Young,IND,30,25,15,10,28.2,10.1,4.6,9.2,49.6,0.2,1.1,22.2,0.7,1.4,50,1.8,3.3,5.1,1.4,1.1,1.5,0.4,2.2,22.7,1,0,2.3
Tyreke Evans,IND,29,24,14,10,21.9,10.6,3.7,10,36.5,1.4,3.8,37,1.8,2.3,78.6,0.5,2.3,2.8,2.6,2.1,1.3,0.3,1.8,20.4,1,0,0.6
Victor Oladipo,IND,26,16,10,6,32.4,21.4,8.1,18.3,44,2.4,6.9,34.5,2.9,4.1,71.2,0.5,6.1,6.6,4.7,2.3,1.6,0.5,2,40.4,4,0,2.5
Avery Bradley,LAC,28,18,11,7,29.1,7.7,3.3,8.7,37.6,0.8,3,27.8,0.3,0.4,71.4,0.5,1.7,2.2,1.7,1.4,0.8,0.5,3,15.5,0,0,1.3
Boban Marjanovic,LAC,30,18,10,8,10.8,7.9,2.7,4.2,63.2,0,0.1,0,2.6,3.3,78,1.8,3,4.8,0.6,0.8,0.3,0.8,1.7,17,3,0,3.2
Danilo Gallinari,LAC,30,23,15,8,31.6,19.1,5.7,13.1,43.7,2.5,5.4,46,5.2,5.7,91.5,1,5,6,2.2,0.9,0.6,0.3,2.1,31.5,1,0,2.6
Jerome Robinson,LAC,21,8,5,3,5,2.9,1.1,2.3,50,0.6,1.1,55.6,0,0,0,0,0.4,0.4,0.1,0.1,0,0,0.8,3.4,0,0,2
Lou Williams,LAC,32,24,16,8,25.6,17.6,5.6,14.3,39.5,1.3,3.7,33.7,5.1,5.4,94.6,0.5,2,2.5,4.5,2.5,0.6,0.1,1,26.9,2,0,2.6
Luc Mbah a Moute,LAC,32,4,2,2,15.3,5,2,4.5,44.4,0.5,1.5,33.3,0.5,1.3,40,0.5,1.3,1.8,0.5,0.5,0.3,0.3,2,8.9,0,0,2.8
Marcin Gortat,LAC,34,20,13,7,17.4,5.5,2.3,4,56.3,0,0,0,1,1.2,82.6,1.4,4.4,5.7,1.5,1.1,0.1,0.6,2.3,15.5,0,0,1.9
Mike Scott,LAC,30,24,16,8,15.2,4.8,1.8,4.2,42.6,1.1,2.6,41.9,0.1,0.1,100,0.4,3.2,3.5,1,0.6,0.4,0.2,1.8,11.6,0,0,1.3
Milos Teodosic,LAC,31,11,7,4,8.8,2.6,0.9,1.7,52.6,0.5,1.3,42.9,0.3,0.4,75,0.2,1.1,1.3,2,0.9,0.3,0.1,1.7,7.3,0,0,2.9
Montrezl Harrell,LAC,24,24,16,8,25.8,16.1,6.1,9.4,64.6,0,0,0,4,6.3,62.9,2.3,4.7,7,1.5,1.4,1,1.6,2.8,33.1,7,0,0
Patrick Beverley,LAC,30,24,16,8,24,6.5,2.2,6.1,36.1,1.1,3.5,32.5,0.9,1.2,75.9,0.7,2.9,3.6,3.7,1.1,0.7,0.3,3.5,18.1,1,0,-1.9
Shai Gilgeous-Alexander,LAC,20,24,16,8,27.6,10.7,3.9,8.3,46.7,0.5,1.5,36.1,2.4,2.9,81.4,0.9,2.5,3.3,3,1.8,1,0.8,1.8,22.6,0,0,3.4
Sindarius Thornwell,LAC,24,10,8,2,7,1,0.3,0.7,42.9,0,0.2,0,0.4,0.4,100,0,1.3,1.3,0.5,0.5,0.1,0.2,1.6,3.7,0,0,0.4
Tobias Harris,LAC,26,24,16,8,35,21,8.1,15.9,50.8,2,4.7,41.6,2.9,3.4,85.2,0.7,7.8,8.5,2.3,1.9,0.5,0.5,2.1,35.8,8,0,5.3
Tyrone Wallace,LAC,24,15,10,5,6.4,2.9,1.3,2.7,47.5,0,0.3,0,0.4,0.9,42.9,0.1,0.7,0.9,0.3,0.2,0.1,0,0.7,4.6,0,0,0.3
Brandon Ingram,LAL,21,20,13,7,30.7,15.2,5.9,12.6,47,0.6,1.7,32.4,2.9,4.6,62.6,0.7,3.3,4,2.2,2.3,0.7,0.7,2.8,25.2,0,0,1.9
Isaac Bonga,LAL,19,1,0,1,1.1,0,0,0,0,0,0,0,0,0,0,0,0,0,0,0,0,0,0,0,0,0,0
Ivica Zubac,LAL,21,7,4,3,7.2,2,0.7,2,35.7,0,0,0,0.6,0.6,100,1.4,1.7,3.1,0.3,0.6,0.1,0.3,1.7,6.9,0,0,0.9
JaVale McGee,LAL,30,25,15,10,23.9,12,5.3,8.4,63.3,0,0.2,25,1.3,1.8,71.1,2.5,4,6.6,0.9,1.6,0.8,2.6,2.6,29.8,2,0,-0.9
Johnathan Williams,LAL,23,6,3,3,14.2,3.8,1.8,3.2,57.9,0,0,0,0.2,0.8,20,1.8,1.7,3.5,0.7,0.3,0.2,0.5,3.2,10.7,0,0,-1.7
Josh Hart,LAL,23,25,15,10,24.4,8.9,3.2,7,45.1,1.7,4.4,37.8,0.9,1.3,68.8,0.4,2.8,3.2,1.2,0.8,1.1,0.6,2.2,18.6,1,0,3.2
Kentavious Caldwell-Pope,LAL,25,25,15,10,21.5,8.2,2.5,6.6,37.6,1.2,3.8,33,2,2.2,92.6,0.4,2,2.4,0.5,0.5,0.8,0.2,1.5,14.2,0,0,-0.7
Kyle Kuzma,LAL,23,25,15,10,31.4,17.2,6.8,14.3,47.2,1.7,5.5,30.4,2,2.8,72.9,0.6,5,5.6,1.9,1.4,0.6,0.5,2.2,28.8,1,0,1
Lance Stephenson,LAL,28,25,15,10,14.3,6.9,2.7,6.4,42.5,0.9,2.5,35.5,0.6,0.7,83.3,0.5,2.6,3.2,1.8,1.2,0.7,0.1,1.4,14.6,0,0,-0.9
LeBron James,LAL,33,25,15,10,34.9,28.7,10.5,20.1,52.2,2.2,6,36.9,5.5,7.8,70.8,1,6.7,7.6,6.8,3.4,1.3,0.8,1.8,51.1,11,1,1.4
Lonzo Ball,LAL,21,25,15,10,28.1,8.4,3.3,8.4,39,1.4,4.1,33.3,0.5,0.8,57.1,1,4.2,5.3,4.9,2,1.3,0.2,2.3,24.6,1,0,-0.5
Michael Beasley,LAL,29,10,5,5,7.1,4.4,1.9,3.7,51.4,0.1,0.4,25,0.5,0.6,83.3,0.3,1.1,1.4,0.3,0.7,0.2,0,1.5,6.4,0,0,-1.4
Moritz Wagner,LAL,21,4,2,2,4.3,2.5,0.8,2.8,27.3,0.5,1.5,33.3,0.5,0.5,100,0,1,1,0.8,0.5,0.3,0,1,5.1,0,0,-2.5
Rajon Rondo,LAL,32,11,6,5,25.2,8.5,3.6,8,45.5,0.8,1.9,42.9,0.4,0.7,50,0.9,3.6,4.5,6.5,2.3,1.2,0,2.3,24.9,3,0,2.1
Svi Mykhailiuk,LAL,21,14,7,7,9.3,2.5,0.8,2.7,28.9,0.6,1.8,32,0.4,0.7,50,0.3,0.3,0.6,0.9,0.6,0.2,0,0.6,4.5,0,0,-0.5
Tyson Chandler,LAL,36,22,12,10,18.3,3.6,1.2,2.1,58.7,0,0,0,1.2,1.9,63.4,1.9,4.8,6.7,0.6,1,0.5,0.3,2.7,13.9,2,0,0.5
Chandler Parsons,MEM,30,3,2,1,15.4,5.7,2.3,5.7,41.2,1,3.3,30,0,0,0,0.3,1,1.3,0.7,0.7,0.3,0.3,2.3,9.6,0,0,-3.7
Dillon Brooks,MEM,22,11,7,4,18.9,6.8,2.5,6,40.9,0.6,1.7,36.8,1.3,1.6,77.8,0.5,1.5,2.1,0.9,0.8,0.7,0.4,2.7,13.1,0,0,-0.2
Garrett Temple,MEM,32,24,15,9,32.3,10.7,3.7,8.3,44.2,1.7,4.3,39.2,1.7,2,81.6,0.4,2.9,3.3,1.4,1.3,1.2,0.3,3.2,19.9,0,0,2.5
Ivan Rabb,MEM,21,9,6,3,6.4,2.1,0.9,1.4,61.5,0,0.1,0,0.3,0.6,60,0.4,1.7,2.1,0.7,0.9,0.1,0.1,1.3,5.4,0,0,-0.1
JaMychal Green,MEM,28,12,7,5,23.4,11.7,4.7,9.2,50.9,0.9,2.3,40.7,1.4,1.8,81,2.3,4.8,7.1,0.8,1.9,1.3,0.6,3.2,24.9,1,0,-0.7
Jaren Jackson Jr.,MEM,19,24,15,9,25.1,13.4,5,9.8,51.5,0.8,2.5,33.9,2.5,3.2,77.9,1.3,3.2,4.4,1.3,1.6,0.9,2,4.1,27.6,1,0,-0.8
Joakim Noah,MEM,33,2,2,0,14.8,8.5,3.5,6.5,53.8,0,0,0,1.5,2,75,1.5,2.5,4,1.5,1.5,0.5,0,2.5,15.6,0,0,5.5
Kyle Anderson,MEM,25,24,15,9,30.1,6.8,3,6,49.7,0.2,0.6,28.6,0.7,1.3,53.1,1.3,5.2,6.5,3.2,1.2,1.3,0.8,2.4,24.4,1,0,-0.2
MarShon Brooks,MEM,29,21,14,7,14.2,7.1,2.8,6.4,43.7,0.6,2,31.7,0.9,1.2,76,0.5,1.2,1.7,1,0.8,0.3,0.2,1.1,11.2,0,0,0.2
Marc Gasol,MEM,33,24,15,9,35.4,17.3,6,13.3,45.3,1.8,4.5,40.2,3.5,4.7,73.5,1.3,8,9.2,4,1.8,1.5,1.4,2.8,41.2,11,0,3.4
Mike Conley,MEM,31,24,15,9,34.2,20.6,6.9,16.5,41.7,2.2,6.3,34.2,4.7,5.8,81.9,0.5,3,3.5,6.7,2,1.1,0.4,2.2,37.5,4,0,3.6
Omri Casspi,MEM,30,18,12,6,12.4,5.1,1.8,3.4,54.1,0.3,0.9,37.5,1.1,1.9,58.8,0.4,2.7,3.1,0.8,0.4,0.4,0.2,0.9,11.3,0,0,3.1
Shelvin Mack,MEM,28,24,15,9,25.3,9.1,3.4,7.7,44.3,1.1,2.8,40.9,1.1,1.7,67.5,0.3,1.9,2.1,3.5,1.3,1,0.1,1.6,19,0,0,0.4
Wayne Selden,MEM,24,20,12,8,16.2,5.8,2.2,5.4,41.1,0.8,2.2,34.1,0.7,0.8,86.7,0.4,0.9,1.3,1.3,0.9,0.4,0.2,1.6,10,0,0,-2.2
Yuta Watanabe,MEM,24,2,2,0,6.1,1,0,0.5,0,0,0.5,0,1,1,100,0,2,2,0,0.5,0,0.5,0,4.4,0,0,-0.5
Bam Adebayo,MIA,21,24,10,14,19.6,8.1,2.8,5.2,54.8,0,0.1,0,2.5,3.4,72.8,2.2,4.8,7,1.3,1.2,0.7,0.9,2.4,21.9,3,0,1.3
Derrick Jones Jr.,MIA,21,14,4,10,13.8,4.9,1.9,4.7,39.4,0.4,1.3,33.3,0.7,1.1,66.7,1.1,1.6,2.6,0.5,0.8,0.3,0.4,1.8,10.1,0,0,-2.9
Duncan Robinson,MIA,24,4,2,2,7.3,1.5,0.5,1.5,33.3,0.5,1.5,33.3,0,0,0,0,1.3,1.3,0,0,0.3,0,0.3,3.8,0,0,-0.3
Dwyane Wade,MIA,36,17,8,9,25.3,14.3,5.3,12.3,43.1,1.5,4.1,36.2,2.2,3.2,69.1,1.1,2.4,3.4,3.5,2.4,0.5,0.6,1.9,24.5,0,0,-0.2
Goran Dragic,MIA,32,13,6,7,30,15.9,5.7,13.7,41.6,1.6,5,32.3,2.9,3.8,76,0.6,2.5,3.2,5.1,2.5,0.8,0.3,2.3,28,1,0,2.9
Hassan Whiteside,MIA,29,22,8,14,26.9,13.5,5.6,10.7,52.3,0.1,0.5,16.7,2.3,4.8,47.2,4.1,9.5,13.7,0.8,1.7,0.6,2.9,3.1,40.1,15,0,-2.3
James Johnson,MIA,31,9,4,5,19.8,7.2,2.7,7.9,33.8,0.9,2.9,30.8,1,1.1,90,0.6,1.7,2.2,2.6,1.1,0.7,0.2,2.3,15.3,0,0,-5.3
Josh Richardson,MIA,25,24,10,14,35.2,19.2,6.6,16.3,40.8,2.7,6.8,39.9,3.2,3.8,84.6,0.9,3,4,3.3,2.1,1.3,0.6,3.2,32.5,0,0,1.5
Justise Winslow,MIA,22,20,8,12,27.9,9.9,3.6,9.3,38.7,1.1,2.9,38.6,1.6,2.3,69.6,1.1,4.1,5.2,3.4,2.2,0.9,0.5,2.5,23.1,2,0,0.5
Kelly Olynyk,MIA,27,23,10,13,19.3,9,2.8,6.1,46.1,1.5,4.1,35.8,1.9,2.5,77.2,0.8,3,3.9,1.9,1.3,0.7,0.4,2.3,18.5,0,0,1.9
Rodney McGruder,MIA,27,24,10,14,31.7,11.5,4.4,10,44.2,1.6,4.2,38,1.1,1.5,74.3,1.1,3.8,4.8,2.9,1.4,0.9,0.2,2.7,23.4,2,0,-1.6
Tyler Johnson,MIA,26,18,7,11,26.1,11.1,4.1,9.2,44.6,1.3,3.9,34.3,1.5,2.1,71.1,0.6,2.7,3.2,2.3,1.4,0.9,0.6,1.9,21.6,0,0,-1.1
Udonis Haslem,MIA,38,2,2,0,3,1,0.5,2,25,0,1,0,0,0,0,0,0.5,0.5,0,1,0,0,1,0.6,0,0,-3
Wayne Ellington,MIA,31,16,6,10,26.3,10,3.3,8.8,37.1,2.8,7.4,38.1,0.7,0.8,84.6,0.4,2.2,2.6,1.6,0.8,1.3,0.2,2,19.2,0,0,-6.1
Brook Lopez,MIL,30,24,16,8,27.6,11.5,4,9.5,42.5,2.4,6.7,36,1,1.2,82.8,0.5,3.8,4.3,1,1,0.4,1.8,2.4,23.6,0,0,9
Christian Wood,MIL,23,6,6,0,6.1,4.2,1.5,2.8,52.9,0.3,0.7,50,0.8,1,83.3,0.7,2,2.7,0.3,0.3,0,0,0.3,7.5,0,0,-0.8
D.J. Wilson,MIL,22,1,1,0,5.6,7,2,3,66.7,2,3,66.7,1,2,50,0,0,0,0,0,1,0,3,10,0,0,0
Donte DiVincenzo,MIL,21,18,12,6,17.1,5.6,2.1,5.2,40.9,0.9,3.4,26.2,0.5,0.6,81.8,0.6,2.1,2.7,1.4,0.8,0.5,0.1,1.6,11.9,0,0,4.4
Eric Bledsoe,MIL,28,24,16,8,29.6,16,6,11.7,51.8,1.8,4.8,36.2,2.1,2.9,72.9,1.1,3.2,4.3,5.8,2.3,1.5,0.5,2.4,33.7,2,0,7.5
Ersan Ilyasova,MIL,31,20,14,6,20.5,7.3,2.8,6,45.8,0.9,2.6,33.3,0.9,1.1,81.8,1.5,4.2,5.7,1.3,1,0.5,0.2,3,17.1,1,0,2.7
George Hill,MIL,32,13,2,11,26.5,10.8,4.2,8.2,51.4,1,2.2,46.4,1.3,1.5,85,0.9,1.2,2.1,2.8,1.5,0.9,0.1,2.7,18.9,0,0,-3.5
Giannis Antetokounmpo,MIL,24,23,15,8,33.8,26.8,10.1,17.6,57.7,0.3,2.4,10.7,6.3,9,69.2,2.6,10.4,13,6,4.3,1.5,1.3,3.2,55.6,17,2,9.7
Jason Smith,MIL,32,12,4,8,10.8,3.7,1.3,3.1,40.5,0.3,0.8,40,0.8,1,83.3,0.9,2.2,3.1,1,0.6,0.1,0.4,1.8,9.8,0,0,-1.2
Jaylen Morris,MIL,23,3,3,0,6.6,3,1.3,2.3,57.1,0.3,0.3,100,0,0,0,0,1,1,0.7,0.3,0.3,0,0.3,5.9,0,0,2.7
Khris Middleton,MIL,27,23,15,8,30.6,18.1,6,13.8,43.7,3,7.3,40.7,3,3.5,86.4,0.4,5.2,5.7,3.8,2.3,1.3,0.1,2.7,32.5,1,0,7.1
Malcolm Brogdon,MIL,25,24,16,8,30.2,15.3,5.9,11.3,51.8,1.8,3.9,47.3,1.8,1.8,97.7,1,3.5,4.5,3.4,1.7,0.6,0.2,1.8,26.5,0,0,4
Pat Connaughton,MIL,25,21,13,8,19.4,6.8,2.5,5.9,43.1,1,3.5,30.1,0.7,1,70,1,3,4.1,1.9,0.5,0.4,0.6,1.3,17.2,0,0,3.5
Sterling Brown,MIL,23,16,12,4,10.2,3.9,1.5,3.1,49,0.5,1.6,32,0.4,0.5,75,0.5,1.4,1.9,0.7,0.5,0.2,0.1,1.1,7.4,0,0,-2.1
Thon Maker,MIL,21,16,11,5,12.4,5.1,1.8,4.6,39.7,1,3,33.3,0.5,1,50,0.5,2.3,2.8,0.6,0.3,0.2,0.6,1.6,11.3,0,0,1.2
Tony Snell,MIL,27,24,16,8,16.6,6.2,2.1,4.9,43.6,1.1,3,36.6,0.9,1,91.3,0.4,1.5,1.9,0.7,0.3,0.4,0.2,1.1,11,0,0,4.7
Andrew Wiggins,MIN,23,21,12,9,32.8,15.6,5.9,15.2,38.9,1.9,5.1,37.4,1.9,2.7,71.4,0.7,3,3.7,2.3,1.7,1.3,0.7,2,27.9,0,0,1.4
Anthony Tolliver,MIN,33,17,7,10,16.2,4.8,1.5,3.5,43.3,1.3,3.2,40.7,0.4,0.7,58.3,0.4,2,2.4,0.7,0.6,0.4,0.5,1.7,10.6,0,0,-2.5
C.J. Williams,MIN,28,6,2,4,8.9,1.7,0.8,2.3,35.7,0,1,0,0,0,0,0,0.3,0.3,0.5,0.5,0.2,0,1.7,2.8,0,0,-6.2
Dario Saric,MIN,24,24,16,8,26.6,10.7,3.7,9.5,39.2,1.5,4.7,31.9,1.8,2,89.4,1.7,4.4,6,1.5,1.5,0.4,0.2,2.6,20.6,2,0,1.3
Derrick Rose,MIN,30,23,12,11,29.2,18.3,7,14,50,1.7,3.5,47.5,2.7,3.2,83.6,0.7,2.3,3,4.3,1.7,0.5,0.2,1.1,28.8,0,0,3
Gorgui Dieng,MIN,28,25,13,12,13.5,5.2,2,4.4,45,0.2,0.8,21.1,1,1.2,83.9,0.9,3.1,4,0.8,0.9,0.4,0.6,1.8,13.4,0,0,-0.3
James Nunnally,MIN,28,8,4,4,5.8,2,0.6,1.9,33.3,0.3,1.1,22.2,0.5,0.5,100,0,0.4,0.4,0.6,0.1,0.1,0,0.4,3.6,0,0,-1
Jared Terrell,MIN,23,1,0,1,21.3,4,1,8,12.5,1,2,50,1,2,50,0,1,1,1,2,2,1,2,13.7,0,0,-10
Jeff Teague,MIN,30,19,12,7,31.6,12.1,3.9,10,39.5,0.9,2.9,30.9,3.3,3.8,86.3,0.3,2.2,2.5,8,2.3,1.2,0.5,2.1,29.7,2,0,1.8
Josh Okogie,MIN,20,17,9,8,20,7.3,2.6,6.9,38.1,0.9,2.9,30.6,1.1,1.5,76,0.7,2.6,3.3,1,1,0.9,0.3,1.9,15.3,1,0,-1.8
Karl-Anthony Towns,MIN,23,25,13,12,33.7,21.3,7.7,15.6,49.1,1.9,4.6,41.2,4,4.6,87.8,3.3,8.7,12,2.3,3.4,1,1.7,3.7,43.8,14,0,1
Keita Bates-Diop,MIN,22,2,0,2,8.9,2,1,4,25,0,2,0,0,0,0,0,1.5,1.5,0,0,0,0.5,0.5,5.3,0,0,-2
Luol Deng,MIN,33,3,1,2,8.7,3.3,1.3,4,33.3,0,1.7,0,0.7,1,66.7,1.7,2,3.7,0.3,0.3,0.3,0.3,0.7,9.9,0,0,0.7
Robert Covington,MIN,27,24,16,8,34.7,12.8,4.3,9.9,43.7,2.5,6.3,39.1,1.7,2.2,78.8,0.5,5.1,5.6,1.1,1.4,2.3,1.5,3.3,31,2,0,3.8
Taj Gibson,MIN,33,25,13,12,26.2,10.8,4.3,7.9,54,0.4,0.9,45.5,1.8,2.6,69.7,2.8,4.2,7.1,1.5,1,1,0.6,2.6,25.3,4,0,-0.2
Tyus Jones,MIN,22,24,12,12,17.9,4.3,1.7,4.9,33.9,0.6,2,29.2,0.4,0.6,71.4,0.3,1.3,1.5,2.8,0.5,1.2,0,0.9,13.4,0,0,-0.8
Andrew Harrison,NOP,24,12,5,7,12.7,3.8,1.1,3.5,31,0.3,1.3,20,1.3,1.3,100,0.3,0.9,1.3,1.4,0.8,0.3,0.2,2.3,8,0,0,-1.1
Anthony Davis,NOP,25,23,13,10,37.3,27.8,9.9,19.5,50.6,0.9,2.7,32.8,7.2,8.8,81.7,3.3,9.2,12.5,4.9,2.4,1.7,2.9,2.7,61.3,17,0,6.6
Cheick Diallo,NOP,22,20,9,11,9.4,3.9,1.6,2.9,53.4,0,0.1,0,0.8,1,80,1,2.6,3.6,0.4,0.5,0.4,0.6,1.2,11.1,1,0,-0.1
Darius Miller,NOP,28,23,13,10,20.3,6.1,2.1,5,41.7,1.5,4,37.6,0.4,0.5,81.8,0.2,1.1,1.3,1.3,0.7,0.5,0.2,2,11.2,0,0,-0.3
E'Twaun Moore,NOP,29,26,12,14,30.3,14.4,5.9,11.5,51.3,1.5,3.5,42.9,1,1.5,69.2,0.9,1.6,2.5,2.2,1.3,0.7,0.2,2.7,22.2,0,0,3.2
Elfrid Payton,NOP,24,6,5,1,25.3,9.7,4,8.5,47.1,0.5,1.2,42.9,1.2,1.8,63.6,1.2,4,5.2,5.3,2,0.8,0.2,2.7,24.9,1,1,2.8
Frank Jackson,NOP,20,15,6,9,12,4.3,1.5,4.2,36.5,0.5,1.8,29.6,0.7,0.9,71.4,0.1,0.6,0.7,0.6,0.7,0.1,0,1.5,5.8,0,0,-0.7
Ian Clark,NOP,27,24,12,12,14,4,1.5,4.2,37,0.6,1.9,31.1,0.4,0.4,90,0.2,1.3,1.5,1.3,0.8,0.3,0.1,1.5,8,0,0,-1.5
Jahlil Okafor,NOP,22,12,7,5,5.6,3,1.3,2.5,50,0,0,0,0.5,0.5,100,0.8,0.8,1.7,0.1,0.5,0,0,1,4.6,0,0,-2.3
Jrue Holiday,NOP,28,27,13,14,36.5,20.4,7.8,16.5,47.4,1.3,4.7,27.8,3.5,4.6,75.8,1.1,3.3,4.4,9.1,3.6,1.7,0.8,2.5,43,10,0,5
Julius Randle,NOP,24,27,13,14,27.2,18.9,7,12.6,55.5,0.6,1.9,34,4.3,6.1,70.5,2.5,6.9,9.4,2.6,2.5,0.7,0.5,3.2,35.2,13,1,0.3
Kenrich Williams,NOP,24,6,4,2,4.8,0.8,0.3,1,33.3,0.2,0.3,50,0,0,0,0,0.8,0.8,0,0.2,0,0,1.2,1.7,0,0,2.2
Nikola Mirotic,NOP,27,23,10,13,31,18.2,6.3,13.7,45.9,2.6,7.3,35.5,3,3.6,84.1,1.7,8,9.7,1.1,1.3,0.8,0.7,2.3,34.6,11,0,1.6
Solomon Hill,NOP,27,15,7,8,20.6,3.8,1.4,3.7,37.5,0.7,2.2,33.3,0.3,0.5,50,0.8,1.7,2.5,1.3,0.7,0.5,0.3,1.8,10.3,0,0,0.3
Tim Frazier,NOP,28,18,7,11,17.9,4,1.5,3.4,44.3,0.6,1.7,36.7,0.4,0.6,63.6,0.6,1.8,2.4,4.1,1.3,0.4,0.1,1.9,13.3,1,0,-1.3
Wesley Johnson,NOP,31,20,10,10,17.4,4.4,1.6,3.8,42.1,1,2.2,43.2,0.3,0.3,83.3,0.5,2.2,2.7,0.8,0.6,0.5,0.4,2.1,10.6,0,0,-2.8
Allonzo Trier,NYK,22,26,8,18,23.1,11.1,3.8,8,47.1,0.7,1.7,40.9,2.9,3.5,81.5,0.6,2.5,3.2,1.9,1.8,0.4,0.4,1.7,18.4,1,0,-4.4
Courtney Lee,NYK,33,2,0,2,12.9,5,1,3.5,28.6,1,2,50,2,2.5,80,1.5,2,3.5,2,0,0.5,0,1.5,13.7,0,0,3
Damyean Dotson,NYK,24,20,4,16,26.4,11.4,4.5,9.8,45.6,1.7,4.4,37.5,0.8,1.1,76.2,1,3.6,4.5,0.9,0.7,1,0.2,1.8,20.9,1,0,-1.4
Emmanuel Mudiay,NYK,22,19,7,12,23.6,12,4.5,9.8,45.7,1.1,3,36.8,1.9,2.6,75.5,0.6,2.3,2.8,2.8,1.8,0.8,0.5,1.7,21.9,0,0,-1.8
Enes Kanter,NYK,26,26,8,18,27.3,14.9,6.2,11.3,54.2,0.1,0.4,27.3,2.5,3,82.1,4.4,7.3,11.7,2.1,2.1,0.4,0.5,2.7,32.7,17,0,-4.1
Frank Ntilikina,NYK,20,23,7,16,23.2,5.9,2.2,6.7,33.3,0.8,3,25.7,0.7,0.7,93.8,0.1,1.8,1.9,2.7,1.3,0.8,0.4,2.7,14.4,0,0,-4.5
Kevin Knox,NYK,19,19,6,13,19.8,8.7,3,8.9,33.7,1.3,3.8,32.9,1.4,2.2,65.9,0.7,2.5,3.2,0.8,1.2,0.5,0.4,1.9,15.2,0,0,-5.6
Lance Thomas,NYK,30,11,3,8,15.2,3.9,1.3,3.7,34.1,0.5,1.5,29.4,0.9,1,90.9,0.4,1.8,2.2,0.5,0.5,0.6,0.3,2,9.5,0,0,-0.9
Luke Kornet,NYK,23,6,2,4,2.6,0,0,0.5,0,0,0.5,0,0,0,0,0,0.2,0.2,0.3,0.2,0,0.2,0,1,0,0,-1.7
Mario Hezonja,NYK,23,24,8,16,19.1,7.7,3,8,37.8,0.8,3.1,25.7,0.8,1.3,66.7,0.3,3.1,3.5,1.2,1.4,0.8,0.1,1.9,14.9,0,0,-2.3
Mitchell Robinson,NYK,20,24,8,16,17.4,4.9,2.1,3.3,64.1,0,0,0,0.7,1.2,58.6,2.2,1.9,4.1,0.5,0.6,0.6,2,3.3,17.7,1,0,-3
Noah Vonleh,NYK,23,26,8,18,25.6,8.6,3,5.9,51,0.8,1.7,46.7,1.8,2.4,74.2,1.9,6.3,8.2,1.7,1.3,0.7,1,2.7,24.6,8,0,-0.2
Ron Baker,NYK,25,10,2,8,9.8,0.9,0.2,1.3,15.4,0,0.8,0,0.5,0.6,83.3,0.1,0.5,0.6,1,0.3,0.4,0,1.5,4,0,0,-0.7
Tim Hardaway Jr.,NYK,26,25,8,17,33.4,22.1,7.1,17.8,39.7,3.1,8.4,36.7,4.8,5.7,84.6,0.6,2.7,3.3,3,2,0.9,0.1,2.4,31.6,0,0,-5.1
Trey Burke,NYK,26,21,7,14,20.7,12,4.5,10.7,42.2,1,2.9,36.1,2,2.4,80.4,0.6,1.5,2.1,3,1.1,0.6,0.1,1,20.1,1,0,-2.5
Abdel Nader,OKC,25,10,9,1,3.6,1.2,0.6,1.2,50,0,0.3,0,0,0,0,0.1,0.9,1,0.1,0.5,0.2,0.1,0.4,3,0,0,-2.3
Alex Abrines,OKC,25,21,14,7,20.1,5.8,2,5.7,34.5,1.5,4.6,32.3,0.4,0.4,88.9,0.1,1.4,1.6,0.8,0.5,0.7,0.2,1.9,10.9,0,0,0.7
Dennis Schroder,OKC,25,24,16,8,29.4,16.5,6.2,14.7,42.2,1.4,4,35.1,2.7,3.1,86.5,0.6,3.8,4.4,4.9,2.8,1.1,0.2,2.5,30.4,1,0,5.8
Deonte Burton,OKC,24,14,10,4,9.3,3.5,1.4,3.2,44.4,0.3,0.9,33.3,0.4,0.4,83.3,0.1,1.1,1.1,0.4,0.5,0.2,0.4,1.1,6.6,0,0,1.3
Hamidou Diallo,OKC,20,18,11,7,13.7,5.8,2.3,4.8,47.1,0.2,0.8,26.7,1.1,1.5,70.4,1.3,1.4,2.7,0.5,0.6,0.8,0.2,1.9,12.2,0,0,-1
Jerami Grant,OKC,24,24,16,8,30.1,11.6,4.2,8.3,50.8,1.2,3.1,38.7,2,3,67.6,0.8,4,4.9,1.2,1,0.7,1.3,2.4,24.1,1,0,7.3
Nerlens Noel,OKC,24,23,16,7,14.1,5.7,2.4,3.9,61.8,0,0,0,0.9,1.2,75,2.1,3.1,5.2,0.4,0.5,1,1.4,2.4,19.4,1,0,-2.3
Patrick Patterson,OKC,29,24,16,8,15.7,4.5,1.5,4.6,33.3,0.9,2.9,30,0.5,0.9,61.9,0.8,2,2.7,0.5,0.4,0.4,0.2,1,9.9,0,0,-0.8
Paul George,OKC,28,24,16,8,34.9,24,8.3,19.6,42.3,3.2,9,35.2,4.3,5.2,82.4,1.3,6.7,8,4.4,2.8,2.2,0.8,2.9,46.2,8,0,7.8
Raymond Felton,OKC,34,13,9,4,11,4.8,1.9,5.5,35.2,0.4,2.2,17.9,0.6,0.7,88.9,0.2,1.3,1.5,1.8,0.8,0.5,0.3,0.8,10.9,0,0,-2.7
Russell Westbrook,OKC,30,16,11,5,33.5,22.8,8.9,19.4,46,1.2,5.1,23.2,3.7,5.9,62.8,1.2,9.4,10.6,10.2,4.4,2.1,0.1,3.6,52.9,12,5,9.3
Steven Adams,OKC,25,23,15,8,33.5,15.1,6.4,10.8,59.3,0,0,0,2.3,4.4,52.9,4.9,5.2,10.1,1.7,1.6,1.5,1,2.4,35.7,11,0,9.5
Terrance Ferguson,OKC,20,18,12,6,22.1,4.4,1.7,4.4,38,0.8,2.7,28.6,0.3,0.3,83.3,0.6,1.4,2,0.8,0.8,0.5,0.2,2.7,9.3,0,0,5.2
Timothe Luwawu-Cabarrot,OKC,23,14,11,3,8,2.5,0.9,2.8,33.3,0.4,1.4,25,0.3,0.4,66.7,0.3,0.9,1.1,0.3,0.4,0.3,0.1,0.9,5,0,0,-2.6
Tyler Davis,OKC,21,1,1,0,0.9,0,0,1,0,0,0,0,0,0,0,1,0,1,0,0,0,0,0,1.2,0,0,0
Aaron Gordon,ORL,23,24,11,13,32.7,16.6,6.5,13.6,47.7,1.7,4.5,38.3,1.9,2.8,68.2,1.9,5.8,7.7,2.8,1.8,1,0.9,2.5,34,7,0,1.3
D.J. Augustin,ORL,31,26,12,14,27.2,10.3,3.3,7.5,44.8,1.6,3.7,43.8,2,2.2,87.9,0.5,1.6,2.1,5.3,1.2,0.4,0,1.2,20.8,1,0,1.9
Evan Fournier,ORL,26,26,12,14,30.4,15.1,5.8,13.8,41.9,2,6.3,31.9,1.5,1.9,76,0.3,2.6,2.9,3.8,1.9,1,0.3,3,26.2,1,0,0.2
Isaiah Briscoe,ORL,22,9,3,6,6.8,1.8,0.8,1.8,43.8,0.1,0.1,100,0.1,0.3,33.3,0,0.6,0.6,0.9,0.3,0,0,0.9,3.4,0,0,-0.7
Jarell Martin,ORL,24,15,6,9,9.9,2.7,1.1,3.1,34,0.2,1.2,16.7,0.3,0.3,100,0.3,1.8,2.1,0.6,0.4,0.1,0.2,1.1,6.7,0,0,-0.3
Jerian Grant,ORL,26,26,12,14,19.9,4.3,1.6,4.2,38,0.7,2,35.8,0.4,0.7,55.6,0.4,1.5,2,3.4,1.3,1,0.1,1.7,13.7,0,0,-4.4
Jonathan Isaac,ORL,21,20,8,12,23.1,8.5,3.1,7,43.6,0.7,2.5,26.5,1.8,2.2,79.5,1.2,4.1,5.2,0.9,1,0.7,1.2,2.2,20.6,1,0,-1.3
Jonathon Simmons,ORL,29,24,12,12,21.7,6.8,2.3,7.3,32.2,0.5,2.1,21.6,1.7,2,83.3,0.5,1.8,2.4,2.3,1.2,0.5,0.5,1.8,14.7,0,0,-2.7
Khem Birch,ORL,26,8,2,6,5.5,1.8,0.8,1.1,66.7,0,0,0,0.3,0.3,100,0.4,1.3,1.6,0.1,0.3,0.5,0.3,0.5,5.9,0,0,0
Melvin Frazier Jr.,ORL,22,2,1,1,5.4,0,0,0.5,0,0,0.5,0,0,0,0,0,0,0,0,0.5,0,0,0.5,-0.5,0,0,-4
Mo Bamba,ORL,20,26,12,14,17,6.6,2.8,5.7,49,0.6,1.8,34,0.5,0.8,60,1.3,3.2,4.6,1.1,0.7,0.3,1.3,2.2,17.9,1,0,-6.4
Nikola Vucevic,ORL,28,26,12,14,30.9,21,8.7,15.8,55.1,1.2,3,40.5,2.4,2.9,84,2.5,8.8,11.3,3.7,2,1,1,2.1,44,18,1,2.2
Terrence Ross,ORL,27,26,12,14,25.7,14.4,5.4,11.8,45.9,2.3,5.7,39.9,1.3,1.5,85,0.2,2.7,2.8,1.7,1.3,0.9,0.5,2,23.3,0,0,-2.5
Wes Iwundu,ORL,23,19,8,11,16.2,4.3,1.5,3.8,38.4,0.3,0.9,27.8,1.1,1.4,77.8,0.4,1.5,1.9,1,0.5,0.3,0.2,1.5,9.2,0,0,-0.9
Amir Johnson,PHI,31,25,17,8,10.6,4,1.5,2.8,53.5,0.2,0.5,46.2,0.7,0.9,78.3,0.8,2.2,3,1.3,1.2,0.3,0.3,2.1,10.1,0,0,-2.2
Ben Simmons,PHI,22,26,18,8,33.3,15.3,6.2,10.8,57.1,0,0,0,3,5,60.5,2,7,9,7.9,3.6,1.3,0.8,2.8,40.9,18,2,1.3
Demetrius Jackson,PHI,24,1,1,0,5.6,2,1,1,100,0,0,0,0,0,0,0,0,0,0,1,1,0,0,4,0,0,-4
Furkan Korkmaz,PHI,21,19,13,6,11.2,4.5,1.6,4.2,38,0.7,2.4,28.3,0.6,0.7,85.7,0.3,1.5,1.8,1.1,0.3,0.6,0.1,0.9,9.8,0,0,0.5
JJ Redick,PHI,34,27,18,9,30.8,18.6,6.3,14.2,44.5,2.8,7.9,35.8,3.1,3.3,93.3,0.3,2,2.3,3,1.6,0.2,0.2,2.1,25.4,0,0,4.4
Jimmy Butler,PHI,29,22,12,10,34.9,21.4,7.6,15.7,48.4,1.6,4,40.2,4.6,5.5,83.5,1.9,3.3,5.2,3.6,1.6,2.2,0.8,1.9,40.4,2,0,-0.4
Joel Embiid,PHI,24,26,17,9,34.3,26.3,8.6,18.6,46.2,1.2,4.1,29,8,10.1,79.1,2.2,11.1,13.3,3.6,3.1,0.5,2,3.4,51.9,24,1,4.5
Jonah Bolden,PHI,22,7,4,3,6.1,1.4,0.6,1.6,36.4,0.1,1,14.3,0.1,0.3,50,0,1.3,1.3,0.3,0.4,0.4,0.1,1,4.7,0,0,2
Landry Shamet,PHI,21,27,18,9,21,7.8,2.6,6.1,43,1.7,4.4,37.5,0.9,1,85.2,0.1,1.1,1.3,1,0.6,0.4,0.1,1.8,11.9,0,0,-1.6
Markelle Fultz,PHI,20,19,12,7,22.5,8.2,3.4,8.2,41.9,0.2,0.7,28.6,1.1,1.9,56.8,1.4,2.3,3.7,3.1,1.3,0.9,0.3,2.7,19.4,0,0,-0.4
Mike Muscala,PHI,27,21,14,7,24,8.4,2.4,6.1,39.1,1.6,4.6,35.1,2,2.4,84,1.1,3.7,4.8,1.5,1,0.3,0.6,2.7,18.3,1,0,0.6
Shake Milton,PHI,22,1,1,0,10.5,5,2,4,50,1,2,50,0,0,0,0,0,0,2,0,1,1,1,14,0,0,1
T.J. McConnell,PHI,26,21,13,8,16.9,5,2.3,4,56.5,0.1,0.4,22.2,0.4,0.4,100,0.1,1.5,1.7,2.7,1.3,0.9,0.2,1.3,13.2,0,0,-0.8
Wilson Chandler,PHI,31,15,12,3,24.1,6,2.5,5,49.3,0.9,2.3,40,0.1,0.4,33.3,1.3,3.3,4.6,1.7,1,0.4,0.3,2.5,15.3,0,0,2.9
De'Anthony Melton,PHX,20,9,1,8,14.3,5.9,2.3,5.6,42,1,2.7,37.5,0.2,0.3,66.7,0.2,2,2.2,2.1,1.1,0.9,0.1,2.1,13.6,0,0,-3.2
Deandre Ayton,PHX,20,26,4,22,31.1,15.8,7,11.7,59.5,0,0.1,0,1.8,2.4,77.4,2.4,7.7,10.1,2.5,1.9,0.6,0.8,2.7,33.8,14,0,-6.1
Devin Booker,PHX,22,19,4,15,35.3,23.5,8.5,19.3,43.9,2.4,7.6,31.3,4.2,5,84.2,0.5,3.1,3.6,6.7,4.1,1.2,0.1,3.5,37.6,2,0,-4.2
Dragan Bender,PHX,21,9,1,8,7.6,2.3,0.8,2.1,36.8,0.2,1.2,18.2,0.6,0.6,100,0.6,0.9,1.4,0.4,0.4,0,0,0.7,4.3,0,0,1.7
Elie Okobo,PHX,21,17,2,15,19.6,6.9,2.7,7,38.7,0.8,2.8,27.7,0.8,0.8,92.9,0.3,1.8,2.1,2.5,1.4,0.6,0.2,2.7,14.1,0,0,-5.4
Isaiah Canaan,PHX,27,19,4,15,26.5,7.5,2.7,6.8,39.5,1.3,3.8,34.7,0.8,1.1,75,0.3,2.3,2.6,3.3,1.5,0.6,0,2.4,15.8,0,0,-6.7
Jamal Crawford,PHX,38,24,3,21,16.1,6.6,2.1,5.9,35.9,1,2.9,33.3,1.4,1.7,80.5,0.1,0.9,1,2.6,1.3,0.4,0.1,1.2,11.9,0,0,-7.7
Josh Jackson,PHX,21,26,4,22,19.8,8.5,3.2,8.2,39.6,0.5,2.2,25,1.5,2.2,65.5,0.4,2.9,3.3,2,2.5,0.9,0.5,2.2,17.5,0,0,-6.1
Mikal Bridges,PHX,22,26,4,22,22.6,7,2.5,6.2,41.3,1,3.2,32.1,0.9,1.1,82.1,0.4,1.7,2.2,1.2,0.8,1.4,0.3,2.3,15.6,0,0,-2.6
Richaun Holmes,PHX,25,25,3,22,14,6.4,2.7,4.2,65.4,0,0,0,1,1.6,58.5,1.7,2.8,4.4,0.4,1.1,0.6,1,2.3,16.1,2,0,-3.6
Ryan Anderson,PHX,30,15,3,12,18.5,3.7,1.3,4,31.7,0.5,2.3,20.6,0.7,0.9,78.6,0.9,2.1,3,1.1,0.8,0.2,0.1,1.5,9,0,0,-5.5
T.J. Warren,PHX,25,20,3,17,29.9,17.7,6.9,13.4,51.1,1.8,4,45,2.2,2.6,84.6,0.7,3.4,4.1,1.3,1.1,1,0.8,2.6,28.7,0,0,-5.1
Trevor Ariza,PHX,33,24,3,21,33.6,9.7,3.3,8.8,36.8,1.9,5.5,34.8,1.3,1.6,81.6,0.6,4.8,5.5,3.3,1.5,1.3,0.3,1.8,24.5,1,0,-11.7
Troy Daniels,PHX,27,10,1,9,14.6,7.7,2.6,5.8,44.8,2,4.6,43.5,0.5,0.5,100,0.4,1.3,1.7,0.7,0.9,0.6,0.1,1.4,12,0,0,-1.3
Al-Farouq Aminu,POR,28,25,14,11,29.6,9.1,3.1,7,43.8,1.4,3.9,35.7,1.6,1.8,84.8,1.3,6.8,8.1,0.6,0.8,1,0.4,2.3,23.1,4,0,3.3
Anfernee Simons,POR,19,5,3,2,6.7,2.2,1,3,33.3,0,1,0,0.2,0.8,25,0,1,1,0.2,0.6,0,0,0.2,3.1,0,0,-2
CJ McCollum,POR,27,24,13,11,34.3,21.3,8.4,18,46.4,2.2,6,36.1,2.4,2.9,82.9,1.1,2.8,3.8,2.4,1.8,0.8,0.3,2.6,31,0,0,3.1
Caleb Swanigan,POR,21,11,7,4,9.7,2.3,0.9,3,30.3,0.1,0.4,25,0.4,0.5,80,1,2.7,3.7,0.5,1,0.4,0,1.4,7.5,1,0,-3.6
Damian Lillard,POR,28,25,14,11,35.2,27.2,8.8,20,44.3,2.9,8.1,36.1,6.6,7.4,89.7,0.8,4.3,5.1,6.4,2.6,0.8,0.5,1.7,44.3,3,0,3
Evan Turner,POR,30,24,14,10,26,8.4,3.6,7.8,46.2,0.2,1.1,14.8,1.1,1.8,61.9,0.6,4.5,5.1,4.2,1.9,0.8,0.3,2.2,22.3,1,0,1.4
Gary Trent Jr.,POR,19,3,2,1,6.5,3.3,1.3,4.3,30.8,0.7,1.7,40,0,0.7,0,0,1.3,1.3,0,0.3,0,0,0.3,4.6,0,0,-1
Jake Layman,POR,24,20,13,7,16.3,6,2.5,4.5,55.1,0.9,2.2,40.9,0.2,0.5,44.4,0.7,1.9,2.6,0.4,0.7,0.6,0.4,1.1,11.7,0,0,-0.3
Jusuf Nurkic,POR,24,25,14,11,26.2,14.7,5.6,11,50.9,0.1,0.9,13.6,3.4,4.6,73.9,3.8,6.7,10.6,2.2,2.1,0.9,1.1,3.1,34.8,12,0,4
Maurice Harkless,POR,25,13,5,8,17.2,3.8,1.5,3.8,40.8,0.5,1.6,28.6,0.2,0.3,75,0.5,2.7,3.2,0.6,0.6,0.8,0.8,2.4,12.6,0,0,-0.7
Meyers Leonard,POR,26,22,12,10,12.7,6,2,3.9,51.2,1,1.9,51.2,1,1.2,84.6,1.2,3.2,4.5,1,0.7,0.3,0.1,1.3,13.2,1,0,-1.4
Nik Stauskas,POR,25,25,14,11,17.2,7.1,2.5,5.8,42.8,1.2,3.3,36.6,0.9,1,92,0.3,1.5,1.8,1.6,1.1,0.3,0.1,1,11.9,0,0,-4.4
Seth Curry,POR,28,21,12,9,16.5,4.2,1.5,4.2,36.4,0.9,2,44.2,0.2,0.2,100,0.3,1,1.3,0.8,0.8,0.1,0.1,1.3,6.9,0,0,4.6
Wade Baldwin IV,POR,22,9,6,3,5.7,1.1,0.4,2,22.2,0.1,0.6,20,0.1,0.1,100,0.1,0.8,0.9,0.9,0.9,0,0.2,0.3,3.3,0,0,-4.3
Zach Collins,POR,21,25,14,11,19.4,7.9,2.9,5.6,51.8,0.6,1.8,33.3,1.4,1.6,87.8,1.4,2.9,4.2,1,1.3,0.4,1,3,17.2,0,0,-0.1
Ben McLemore,SAC,25,7,4,3,5.7,2.1,0.7,2.7,26.3,0.7,2,35.7,0,0.3,0,0,0.1,0.1,0.3,0.1,0,0,0.6,2.6,0,0,-0.4
Bogdan Bogdanovic,SAC,26,13,6,7,25.7,15.4,5.6,12.7,44.2,2.2,5.6,38.4,2,2.2,92.9,0.5,2.6,3.1,3.3,1.2,0.6,0.1,2.2,25,0,0,0.8
Buddy Hield,SAC,24,24,13,11,30.7,18.7,7.2,15,47.8,2.5,5.9,43,1.8,2.2,84.6,1.2,4.3,5.5,2.6,2.3,0.5,0.5,2.4,29.8,2,0,1.1
De'Aaron Fox,SAC,20,24,13,11,32.3,17.8,6.3,13.2,47.3,1.3,3,41.1,4,5.8,70.3,0.5,3.3,3.7,7.7,3.2,1.4,0.5,2.3,36.3,6,1,3
Frank Mason,SAC,24,22,11,11,13.7,5.1,1.8,4.8,38.1,0.3,1.6,19.4,1.2,1.6,72.2,0.1,1.3,1.4,2.9,1,0.5,0.1,0.9,12.2,0,0,-4.1
Harry Giles III,SAC,20,18,8,10,10.3,5.4,2.4,5.2,46.8,0,0.1,0,0.6,1.2,47.6,1.1,2.1,3.1,1.2,1.1,0.7,0.2,2.4,12.6,0,0,-6.3
Iman Shumpert,SAC,28,21,11,10,25.3,9.2,3.2,7.5,43.3,1.8,4.6,38.1,1,1.1,87.5,0.4,2.8,3.2,1.7,0.6,1.1,0.3,2.6,19.4,0,0,-1
Justin Jackson,SAC,23,23,13,10,20.7,6.7,2.5,5.6,45,1,2.8,34.4,0.7,1,72.7,0.4,2.3,2.7,1.6,0.3,0.4,0.2,1,13.9,0,0,0.1
Kosta Koufos,SAC,29,10,7,3,14.6,4.5,2.2,4.2,52.4,0,0,0,0.1,0.2,50,1.2,4.6,5.8,1.1,0.7,0.7,0.4,1.9,15.7,0,0,0.6
Marvin Bagley III,SAC,19,22,11,11,24.2,13.1,5.1,9.7,52.6,0.4,1.1,33.3,2.6,4,64.8,2.6,3.9,6.5,0.9,1.9,0.5,1.2,1.9,25.5,3,0,-4.7
Nemanja Bjelica,SAC,30,24,13,11,24.2,11,4.3,7.8,54.5,1.5,3.1,49.3,0.9,1.2,75.9,1.3,4.3,5.6,2,1.5,1,0.6,2.8,24.1,2,0,2
Skal Labissiere,SAC,22,7,2,5,5.8,2.4,0.9,1.9,46.2,0.1,0.7,20,0.6,0.7,80,0.1,1.1,1.3,0.3,0.6,0.3,0.1,1.6,5.1,0,0,-0.6
Troy Williams,SAC,23,14,6,8,15.3,6.7,2.6,4.9,52.2,1,2.3,43.8,0.6,0.9,61.5,0.4,2.3,2.6,0.4,0.3,0.5,0.4,1.9,12.7,0,0,-0.1
Willie Cauley-Stein,SAC,25,24,13,11,28.2,14.1,6.3,11.5,54.7,0,0,100,1.5,3.3,46.2,2.3,5.8,8.1,2.3,1.4,1.2,0.4,3.3,30.8,8,0,3.6
Yogi Ferrell,SAC,25,15,8,7,12.8,4.6,1.5,3.9,39,0.5,1.7,32,1,1,100,0.1,1.2,1.3,0.9,0.5,0.5,0.1,0.9,8.6,0,0,-3.1
Bryn Forbes,SAS,25,26,12,14,26.8,11.7,4.4,10,44.2,2,5,40.8,0.8,1,80.8,0.2,1.6,1.8,2.1,1.2,0.6,0,2.4,17.7,0,0,-5.2
Chimezie Metu,SAS,21,15,6,9,5.8,2.5,0.9,2.4,38.9,0,0.1,0,0.6,0.7,81.8,0.5,0.9,1.4,0.7,0.5,0.3,0.1,0.4,5.8,0,0,0.1
Dante Cunningham,SAS,31,26,12,14,22.6,4.3,1.6,3.6,44.7,0.7,1.7,44.2,0.3,0.4,90,1.3,3.5,4.7,1.3,0.6,0.7,0.4,2,14.7,0,0,-4.7
Davis Bertans,SAS,26,24,11,13,17.2,7.2,2.5,5.1,48,1.7,3.7,44.9,0.6,0.6,93.3,0.4,2.2,2.6,0.9,0.5,0.4,0.4,1.4,13.6,0,0,0
DeMar DeRozan,SAS,29,26,12,14,35.7,24.7,9.3,19.2,48.4,0.2,1.3,17.6,5.9,6.9,85.5,0.8,4.9,5.7,6,2.6,1,0.5,2.2,42.3,4,0,-3
Derrick White,SAS,24,17,6,11,19.5,5.7,2.3,5.7,40.2,0.4,1.5,26.9,0.7,0.9,75,0.3,2.5,2.8,3.2,1.4,0.5,0,1.6,14.2,0,0,-3.3
Drew Eubanks,SAS,21,3,0,3,4.2,2.7,1,1.7,60,0,0,0,0.7,0.7,100,0.3,0,0.3,0,0.7,0,0,0,2.4,0,0,6.7
Jakob Poeltl,SAS,23,22,8,14,13.3,6,2.5,3.7,66.7,0,0,0,1,1.5,69.7,2.2,2.4,4.6,1,0.8,0.2,0.6,1.5,14.7,0,0,0.4
LaMarcus Aldridge,SAS,33,26,12,14,33.3,18.1,7.1,15.7,45,0,0.3,0,4,4.7,83.7,3.5,6.5,10,2.3,2,0.4,1.2,2,36.4,10,0,-4.2
Marco Belinelli,SAS,32,25,11,14,21.7,9.3,3.2,8.8,35.9,1.5,4.6,33,1.4,1.7,85.7,0.2,1.6,1.8,1.9,0.6,0.6,0.2,1.4,15.8,0,0,-1.1
Patty Mills,SAS,30,26,12,14,25,9.9,3.5,8,43.5,1.8,4.5,39.3,1.1,1.4,80.6,0.3,2.3,2.6,2.7,0.9,0.6,0.2,1.5,18.5,0,0,1.3
Pau Gasol,SAS,38,9,6,3,17.5,6.8,2.4,4.8,51.2,0.4,0.8,57.1,1.4,2,72.2,1.2,4.9,6.1,3.3,0.8,0.1,1,1.8,21.7,1,0,0.6
Quincy Pondexter,SAS,30,21,8,13,6.2,2.2,0.6,1.2,48,0.1,0.4,22.2,1,1.2,84,0.2,0.9,1.1,0.4,0.3,0.3,0,0.7,4.8,0,0,0.4
Rudy Gay,SAS,32,22,11,11,27,13.5,5.3,10.6,50.2,1.4,2.7,50,1.5,1.8,82.1,1.2,5.5,6.6,2.1,1.6,0.8,0.6,2.5,27.2,4,0,-1.2
CJ Miles,TOR,31,21,17,4,13.8,4.9,1.6,5,31.7,0.9,3.3,27.1,0.8,1.1,73.9,0.3,1.4,1.7,0.8,0.6,0.3,0.3,1.4,9.2,0,0,-3
Chris Boucher,TOR,25,3,2,1,4,4.3,1.3,2.7,50,0.3,1.3,25,1.3,2,66.7,1,1.3,2.3,0,0,0,1,0.7,10.1,0,0,1.7
Danny Green,TOR,31,27,21,6,29.2,9.5,3.4,7.9,43.9,2.4,5.7,42.5,0.2,0.2,100,0.9,3,3.9,1.3,1.1,1,0.7,2.3,20.1,0,0,11.3
Delon Wright,TOR,26,22,16,6,16.1,5.9,2.2,5.1,43.4,0.8,1.8,42.5,0.7,0.7,100,0.6,1.3,2,1.5,0.8,0.7,0.3,0.9,12.6,0,0,-2.5
Fred VanVleet,TOR,24,23,18,5,23.8,9,3.3,8.3,40,1.3,4,31.5,1.1,1.5,76.5,0.4,1.8,2.2,4.1,1.3,0.9,0.1,1.6,19.6,0,0,2
Greg Monroe,TOR,28,11,8,3,7.3,3.7,1.7,3.4,51.4,0,0.2,0,0.3,0.6,42.9,1.2,1.9,3.1,0.4,0.7,0.4,0,0.8,8.3,0,0,-1.5
Jonas Valanciunas,TOR,26,27,21,6,19.4,13.2,5.1,8.7,58.3,0.3,1,28.6,2.7,3.3,82.2,1.8,5.6,7.4,1.1,1.4,0.4,0.9,2.9,26,5,0,2.6
Jordan Loyd,TOR,25,3,2,1,5.8,4,1,1,100,0.7,0.7,100,1.3,1.3,100,0.3,1.3,1.7,0.3,0.3,0,0,0.7,6.2,0,0,4
Kawhi Leonard,TOR,27,21,16,5,34.5,26.4,9.3,19,49,1.9,4.8,39,6,7,85.6,1.2,7.1,8.3,3,2,1.9,0.6,1.6,46.1,7,0,6.9
Kyle Lowry,TOR,32,26,20,6,34.1,14.2,4.8,11.2,43.2,2.2,6.5,33.3,2.3,2.8,83.6,0.5,3.8,4.3,10.1,2.8,1.4,0.4,2.2,37.2,11,1,8.9
Lorenzo Brown,TOR,28,16,14,2,8.5,2.6,1.1,2.8,37.8,0.3,1.4,22.7,0.1,0.1,100,0.1,1,1.1,0.9,0.8,0.4,0.3,0.9,6.4,0,0,-0.8
Malachi Richardson,TOR,22,12,9,3,5.7,1.3,0.4,1.5,27.8,0.3,1.3,26.7,0.2,0.3,66.7,0.1,0.8,0.8,0,0.6,0.1,0,0.7,2,0,0,-0.4
Norman Powell,TOR,25,11,10,1,14.9,5,1.8,3.8,47.6,0.8,2,40.9,0.5,0.7,75,0.2,1.8,2,0.9,0.7,0.5,0.1,1.5,9.7,0,0,1.1
OG Anunoby,TOR,21,21,16,5,20.6,8,3.3,7.4,44.5,1.1,3.8,30,0.3,0.8,35.3,0.8,2,2.7,0.6,0.8,0.6,0.2,2.2,13.8,0,0,0.3
Pascal Siakam,TOR,24,27,21,6,30.2,14.5,5.8,9.4,61.4,0.6,1.8,33.3,2.4,3,78,1.4,5.1,6.4,2.7,1.4,1.1,0.7,3.1,30.1,3,0,8.6
Serge Ibaka,TOR,29,26,21,5,27.3,16.2,6.7,12,55.6,0.7,2.3,27.9,2.2,2.7,81.4,2.2,5.2,7.3,1.3,1.8,0.5,1.3,3.1,30.3,3,0,6.6
Dante Exum,UTA,23,25,12,13,16.3,6.8,2.3,5.8,39.7,0.4,1.6,26.8,1.7,2.4,71.7,0.4,1.4,1.7,2.1,1.2,0.4,0.2,1.7,12.4,0,0,-0.4
Derrick Favors,UTA,27,25,12,13,23,10.9,4.4,7.3,60.4,0.3,1,30.8,1.8,2.8,64.3,3,4.1,7.1,0.9,1.2,0.8,1.3,2.4,26.1,2,0,-2.6
Donovan Mitchell,UTA,22,22,12,10,32.3,20.6,7.8,18.3,42.7,1.9,6.5,29.2,3,3.8,80.7,0.4,2.5,2.8,3.5,2.5,1.7,0.3,2.5,32.9,0,0,1.7
Ekpe Udoh,UTA,31,17,9,8,5.8,1.6,0.6,0.8,84.6,0,0,0,0.3,0.5,62.5,0.2,1,1.2,0.4,0.4,0.1,0.5,0.9,5,0,0,-1.1
Georges Niang,UTA,25,19,11,8,7.2,3.3,1.2,2.6,44,0.7,1.8,38.2,0.3,0.4,85.7,0.2,1.2,1.3,0.5,0.3,0.2,0.1,0.9,6.1,0,0,-2.8
Grayson Allen,UTA,23,15,6,9,10.3,4.4,1.3,3.8,33.3,0.7,2.5,27,1.2,1.7,72,0.1,0.3,0.3,0.4,0.7,0.1,0,1.1,4.9,0,0,-2.1
Jae Crowder,UTA,28,26,13,13,28.6,12.5,4.1,10.2,40.4,2,6.2,32.1,2.3,3.1,73.8,0.7,4,4.7,1.8,0.9,0.8,0.5,2.3,23.7,0,0,1.9
Joe Ingles,UTA,31,26,13,13,31.9,12.7,4.7,10.2,45.7,2.3,5.8,39.5,1.1,1.6,68.3,0.3,3.6,3.9,4.5,2.3,1.7,0.2,2.5,27.6,0,0,3.5
Kyle Korver,UTA,37,20,6,14,16,7,2.3,5,46.5,1.7,3.6,46.5,0.8,1,78.9,0.1,1.8,1.9,1,1.2,0.2,0.2,1.3,10.8,0,0,-1.4
Naz Mitrou-Long,UTA,25,1,0,1,3.7,0,0,1,0,0,1,0,0,0,0,0,0,0,0,0,0,0,1,0,0,0,11
Raul Neto,UTA,26,9,5,4,10.8,5,1.9,3.8,50,0.4,1.4,30.8,0.8,0.9,87.5,0.2,1,1.2,2.3,1,0.4,0,1,10.3,0,0,-0.9
Ricky Rubio,UTA,28,26,13,13,29.6,12.7,4.3,11,39.3,1.4,4.3,33,2.7,3.2,83.1,0.3,3.2,3.5,6.4,3,1.5,0.2,3,28.6,4,0,1.7
Royce O'Neale,UTA,25,26,13,13,17.1,4.7,1.9,4,47.1,0.5,1.4,37.8,0.4,0.5,78.6,0.3,2.5,2.8,1.2,0.9,0.6,0.2,1.8,11.1,0,0,-2.8
Rudy Gobert,UTA,26,26,13,13,31.2,15,5.7,8.3,69.3,0,0,0,3.5,5.9,59.5,3.5,8.9,12.4,1.7,1.5,0.9,2,2.8,39.7,22,0,3.2
Thabo Sefolosha,UTA,34,12,4,8,9.8,2,0.7,1.7,40,0.3,1,25,0.4,0.7,62.5,0.2,2.2,2.3,0.5,0.6,0.5,0.1,0.7,6.7,0,0,-1.3
Austin Rivers,WAS,26,25,11,14,22.8,7,2.6,6.6,38.8,1.1,3.6,30.3,0.8,1.4,60,0.4,2,2.4,1.8,1.3,0.6,0.4,2.6,14.4,0,0,-0.8
Bradley Beal,WAS,25,25,11,14,35.4,22.4,8.2,17.3,47.1,2.2,6.8,32.5,3.9,5,77.8,0.6,3.8,4.4,4.4,2.2,1,1.1,3.2,38.4,1,0,-2
Devin Robinson,WAS,23,2,0,2,9.1,5,2,3.5,57.1,0,0,0,1,1.5,66.7,1,2,3,0.5,0,1,0.5,1,13.9,0,0,0
Dwight Howard,WAS,33,9,4,5,25.5,12.8,4.8,7.7,62.3,0,0,0,3.2,5.3,60.4,2.7,6.6,9.2,0.4,1.8,0.8,0.4,3.8,26.4,3,0,-5.6
Ian Mahinmi,WAS,32,13,5,8,13.5,3.8,0.9,2.3,40,0.1,0.5,16.7,1.8,2.8,66.7,1.5,1.8,3.4,0.4,0.5,0.5,0.4,2.4,10.4,0,0,-2.8
Jeff Green,WAS,32,23,9,14,23.8,9.8,3.6,7.4,48.8,0.8,2.7,30.6,1.7,1.9,93,1.4,3.4,4.8,1.3,1.3,0.6,0.5,2,19.6,1,0,-1.2
John Wall,WAS,28,24,10,14,34.6,21.3,7.8,17.6,44.3,1.6,5,32.2,4,6,67.8,0.5,2.9,3.5,8.4,3.5,1.7,1,2.4,42.6,6,0,-4.2
Jordan McRae,WAS,27,4,1,3,5.5,0.5,0.3,1.8,14.3,0,0.5,0,0,0,0,0,1,1,0.5,0,0,0.3,0,3.2,0,0,-3
Kelly Oubre Jr.,WAS,22,25,11,14,25.1,12.3,4.3,10.1,42.5,1.5,4.6,31.9,2.2,2.8,81.2,0.7,3.8,4.5,0.7,1.1,0.9,0.7,2.4,22.5,0,0,-4.4
Markieff Morris,WAS,29,24,11,13,26.2,11.8,4.4,9.6,45.5,1.5,4.3,35,1.6,1.9,82.6,1.3,4,5.3,1.8,1.4,0.8,0.7,3.2,23.9,1,0,-3.5
Okaro White,WAS,26,2,1,1,2.1,0,0,0.5,0,0,0.5,0,0,0,0,0.5,0.5,1,0,0,0,0,0,1.2,0,0,-1
Otto Porter Jr.,WAS,25,23,10,13,30.4,12,4.8,9.8,48.9,1.4,4,35.2,1.1,1.4,78.1,1,4.7,5.7,2,0.9,1.6,0.6,1.6,27.6,3,0,-0.7
Sam Dekker,WAS,24,9,1,8,18.8,6.3,2.4,5.3,45.8,0.6,1.4,38.5,0.9,1.1,80,1,2.7,3.7,1,0.6,1.2,0,1.4,15.3,0,0,-4.1
Thomas Bryant,WAS,21,15,8,7,12.6,5.7,2.2,3.7,58.9,0.1,1,13.3,1.1,1.3,89.5,1.1,2.7,3.8,0.7,0.7,0.3,0.6,1.1,13.5,0,0,-1.9
Tomas Satoransky,WAS,27,25,11,14,16.6,5.3,1.8,3.8,47.9,0.4,1.1,37,1.2,1.4,91.2,0.5,1.3,1.8,2.8,0.7,0.7,0.2,1.6,13.9,0,0,0.1
Troy Brown Jr.,WAS,19,12,4,8,6.3,2.8,1,2.4,41.4,0.2,0.4,40,0.6,0.7,87.5,0.3,1.3,1.6,0.8,0.3,0.3,0,0.4,6.3,0,0,0.8